"NPI","PhysPACID","LN","FN","MN","PN","SN","Cred","Prac1stAddr","Prac2ndAddr","PracCity","PracState","PracZip","County","CoLoCode","Rural/Urban/Sub","PhysicianPracPhone","PhysicianFax","EnumDate","UpdateDate","Gender","IsSoleProp","IndepProfile","InPECOS","Warning","ExclType","PriSpec","School","GradYear","EstPracYears","NoCurrentNPI","TotalPayments","Level"
"1003110743","8022265644","GLOVER","SHELLE","RAE",,,"M.D.","2370 ROCKMART HWY",,"CEDARTOWN","GA","301256029","POLK","KOYA3I1QGB3M6W8P8HMW","R","7707487818","7707487819","01/10/2011","08/09/2021","F","N","Y","Y",,,"Family Medicine","MEDICAL COLLEGE OF GEORGIA SCHOOL OF MEDICINE","2009","12",,17181.43,0
"1023119013","5193721009","GREENE","KIRSTEN","LYNN","DR.",,"M.D.","500 RAY C HUNT DR",,"CHARLOTTESVILLE","VA","229032981","CHARLOTTESVILLE CITY","3CAV7YGKI3MMPWMN88","U","4349242224","4342449481","09/25/2006","07/31/2021","F","N",,"Y",,,"Urology","JOHNS HOPKINS UNIVERSITY SCHOOL OF MEDICINE","2000","21",,45127.50,1
"1093711103","0547311169","SWEENEY","THOMAS","J",,,"M.D.","810 JASONWAY AVE","STE A","COLUMBUS","OH","432144359","FRANKLIN","IUIKIOVBJITMHZRH8WR","U","6144423130","6144423145","06/23/2005","06/16/2021","M","N",,"Y",,,"Internal Medicine:  Medical Oncology","OHIO STATE UNIVERSITY COLLEGE OF MEDICINE","1992","29",,157476.96,3
"1104023993","3274781000","NICOLAU CLEGHORN","YAMILETH","DEL CARMEN","DR.",,"M.D","18648 MCKAY DR","STE 120","HUMBLE","TX","77338","HARRIS","M8H3CKIQG1ZREZHZWW66","U","2815482626","2815481659","06/27/2007","08/09/2021","F","N",,"Y",,,"Otolaryngology",,"1997","24",,98265.18,2
"1104194463","9739401092","GONZALEZ CAMPBELL","GUSEV",,"DR.",,"MD","339 CYPRESS PKWY STE 100",,"KISSIMMEE","FL","347593315","POLK","MMHKOQDJJ03DKGNWWNP6RW","U","4073433333","4073438888","12/01/2011","08/17/2021","M","N",,"Y",,,"Family Medicine",,"1997","24",,22174.45,0
"1104225713","6709155203","DASARATHULA","JYOTHSNA",,,,"MD","201 S 14TH ST",,"HERRIN","IL","629483631","WILLIAMSON","AJRHJHM8ZRN8E","U","6189422171","6189886166","08/19/2014","06/01/2021","F","Y","Y","Y",,,"Hospitalist",,"2010","11",,106056.04,2
"1104814573","0547201667","JOHNSON","GARFIELD",,,"III","M.D.","915 GESSNER RD","STE 225","HOUSTON","TX","770242518","HARRIS","P88C330VJJ02PHNR8M66","U","7134675787","7134670965","10/11/2005","08/09/2021","M","N",,"Y",,,"Otolaryngology","UNIVERSITY OF MICHIGAN MEDICAL SCHOOL","2000","21",,152149.44,3
"1104829993","2567442346","TUTTLE","HARRISON","G",,,"MD","3001 EDWARDS MILL RD",,"RALEIGH","NC","276125243","WAKE","C3L1JC3IOC0HMMW8HE68","U","9197815600","9197826578","05/24/2005","05/06/2021","M","N",,"Y",,,"Orthopaedic Surgery","UNIVERSITY OF NORTH CAROLINA AT CHAPEL HILL SCHOOL OF MEDICINE","1999","22",,92020.71,2
"1104886043","4284546672","LIU","JOHN","F","DR.",,"M.D.","2400 AMBASSADOR DR",,"WACO","TX","767129702","MCLENNAN","3C3BCIJJI91IMMR88H6E6","U","2547564457","2547561718","03/24/2006","07/27/2021","M","N",,"Y",,,"Ophthalmology",,"1983","38",,212438.51,3
"1114038403","7810989365","TALMAGE","MARK","DEWITT","DR.",,"M.D.","23505 COUNTY ROAD Y",,"VONA","CO","80861","KIT CARSON","KC3KAV7BGPMPW8HEZMZ","R","3038777239","3037617316","08/31/2006","05/24/2021","M","N","Y","Y",,,"Family Medicine","UNIVERSITY OF COLORADO SCHOOL OF MEDICINE, DENVER","1985","36",,77281.40,2
"1114955283","8729988456","BHAIJI","ALOK",,,,"M.D.","18780 BAGLEY RD STE 310",,"CLEVELAND","OH","441303304","CUYAHOGA","MHWC3K0L2I9MZ6ZHMWHRR","U","4408843033","4408162557","06/29/2006","09/15/2021","M","Y","Y","Y",,,"Internal Medicine","UNIVERSITY OF TOLEDO COLLEGE OF MEDICINE","1993","28",,103922.25,2
"1114977063","9234115486","JONES","MARCIA",,,,"M.D.","100 E. LEFEVRE ROAD",,"STERLING","IL","610811279","WHITESIDE","C303U0S0L0MMHHZMHE","R","8156250400","8156252747","05/11/2006","07/07/2021","F","N",,"Y",,,"Family Medicine","UNIVERSITY OF MARYLAND SCHOOL OF MEDICINE","1998","23",,94402.07,2
"1124015433","6103007646","KJOS","HEIDI",,,,"MD","3101 SE 192ND AVE","SUITE 106","VANCOUVER","WA","986831442","CLARK","EMHUI8NH0JHMHWWZEZN","U","3605537300","3605537450","10/03/2005","07/02/2021","F","N",,"Y",,,"Family Medicine","UNIVERSITY OF MINNESOTA MEDICAL SCHOOL","1997","24",,14177.21,0
"1124025283","2264416403","TAYLOR","JAMES","A",,"JR.","M.D.","8369 FLORIDA BLVD","SUITE 9","DENHAM SPRINGS","LA","707267862","LIVINGSTON","NCUL9LSNEWZE86M6","U","2252436997","2252437157","07/05/2005","05/05/2021","M","Y","Y","Y",,,"Family Medicine","LOUISIANA STATE UNIVERSITY SCHOOL OF MEDICINE IN NEW ORLEANS","2001","20",,14732.64,0
"1124118963","6507917218","FERRARO","ROBERT","THOMAS",,,"MD","5501 JEFFERSON ST NE","SUITE #700","ALBUQUERQUE","NM","871093478","BERNALILLO","MM60VAJVBJ30SS0THMPPNMH6Z","U","5058721002","5058883708","10/13/2006","06/03/2021","M","N","Y","Y",,,"Internal Medicine: Endocrinology, Diabetes and Met",,"1984","37",,65643.85,1
"1124253133","1557519956","DOTSON","KATHERINE",,"DR.",,"M.D.","9980 ANGIES WAY","SUITE 420","LOUISVILLE","KY","402412850","JEFFERSON","M8RKIOJ0F2VIMZNNHR8MR","U","5026295400","5026295492","05/19/2009","10/11/2021","F","N","Y","Y",,,"Internal Medicine","UNIVERSITY OF KENTUCKY COLLEGE OF MEDICINE","2009","12",,14514.02,0
"1124284963","5597943043","MCCULLOUGH","BRYAN","P","DR.",,"D.O.","5151 MORNING SUN RD",,"OXFORD","OH","450569545","BUTLER","C3V7J2VFV3B1HPHPEPMPR","R","5133543700","5135240085","07/31/2008","09/07/2021","M","N","Y","Y",,,"Orthopaedic Surgery","OHIO UNIVERSITY, COLLEGE OF OSTEOPATHIC MEDICINE","2007","14",,81238.86,2
"1124344403","8426282815","RANJIT","SRIJANA",,"DR.",,"M.D.","201 AVERA DR",,"FORT VALLEY","GA","310305008","PEACH","3CI30UIHM8MWMHW","R","4788253317","4783012272","04/12/2010","08/12/2021","F","N",,"Y",,,"Internal Medicine",,"2003","18",,86854.40,2
"1124369483","6204129232","MADACHY","JEFFERY","ALAN",,,"DO","801 OHIOHEALTH BLVD","STE 260","DELAWARE","OH","43015","DELAWARE","ME8CUL9YALI0YYBHMZPHMWR","U","7406150500","7406150501","03/12/2013","09/13/2021","M","N",,"Y",,,"Family Medicine","AT STILL UNIVERSITY OF HEALTH SCIENCES, COLLEGE OF OSTEO MED, KIRKSVILLE","2013","8",,12047.47,0
"1124461033","1557593589","BECK","DAVID","M",,,"MD","8004 MYRTLE TRACE DR","SUITE 200","CONWAY","SC","295268945","HORRY","MM83C0G3A0LA3K1RMMZE8PN8","U","8433478041","8433478042","04/10/2013","07/08/2021","M","N",,"Y",,,"Orthopaedic Surgery: Foot and Ankle Surgery","NEW YORK UNIVERSITY SCHOOL OF MEDICINE","2013","8",,10522.76,0
"1134304223","9436273711","NAIR","SHALINI",,"DR.",,"MD","601 S CARR RD STE 100",,"RENTON","WA","980555802","KING","MMHC333IGJHMEPPMZN","U","4252273700","4252273117","01/08/2008","06/23/2021","F","N",,"Y",,,"Internal Medicine",,"2004","17",,34488.44,0
"1134313463","9032384466","NIOCE","PAUL","ANTHONY","DR.",,"M.D.","2716 W GORE BLVD STE C",,"LAWTON","OK","735056305","COMANCHE","GCUL903B2OEH68PMPW6","U","5803573280","5802764358","08/29/2007","05/28/2021","M","N",,"Y",,,"Internal Medicine","UNIVERSITY OF KANSAS SCHOOL OF MED (KC-WICH-SAL)","2007","14",,127213.46,3
"1134354293","3476797739","HALL","JEFFREY","SCOTT","DR.",,"M.D.","1700 ALTUS ST",,"CONWAY","AR","720324289","FAULKNER","AJJ7ALIMM6H8WM86","U","5015135909","5015135257","05/19/2009","05/06/2021","M","N",,"Y",,,"Family Medicine","UNIVERSITY OF ARKANSAS COLLEGE OF MEDICINE","2009","12",,100834.21,2
"1134544703","0749571784","HAFEEZ","FARAZ","SYED",,,"D.O.","3500 W WHEATLAND RD",,"DALLAS","TX","752373460","DALLAS","C3CVILAI0YOOMMPW6W8P6","U","5046103880",,"02/19/2014","05/20/2021","M","N",,"Y",,,"Internal Medicine","PHILADELPHIA COLLEGE OF OSTEOPATHIC MEDICINE","2014","7",,75011.18,2
"1144214123","7315844537","CEARLOCK","KENNETH","A",,,"MD","1951 51ST ST NE STE 1",,"CEDAR RAPIDS","IA","524022460","LINN","H0VAJHPHPNH8MR8P","U","3194494052","3194494153","09/07/2005","06/14/2021","M","N","Y","Y",,,"Family Medicine","UNIVERSITY OF MISSOURI, COLUMBIA SCHOOL OF MEDICINE","1979","42",,72489.08,1
"1144214503","2961463377","KANDORA","THOMAS",,"DR.",,"M.D.","325 MAIN ST",,"HUDSON FALLS","NY","128391512","WASHINGTON","AJVFI1P8WNWZ8H","U","5187473376","5187478745","08/31/2005","06/29/2021","M","N",,"Y",,,"Internal Medicine","STATE UNIVERSITY OF NEW YORK DOWNSTATE MEDICAL CENTER","1981","40",,68012.95,1
"1144283243","2769565597","SHORE","PAMELA","E","MRS.",,"MD","2200 GREEN RD.","SUITE B","ANN ARBOR","MI","48105","WASHTENAW","9C3V32MM88PMHZR","U","7349947446","7346238590","04/10/2006","06/14/2021","F","N",,"Y",,,"Internal Medicine","MICHIGAN STATE UNIVERSITY COLLEGE OF HUMAN MEDICINE","1995","26",,119469.82,2
"1144295593","5698709400","JONES","TAMARA",,,,"MD","920 CHURCH ST N","SUITE 255","CONCORD","NC","280252927","CABARRUS","PP8VAJYG37YGM8NP8MZ8","U","7044031331",,"02/21/2006","09/27/2021","F","N",,"Y",,,"Hospitalist","EASTERN VIRGINIA MEDICAL SCHOOL","2002","19",,87357.49,2
"1144431933","2365514387","KITCHINGS","STEVEN","B.",,,"MD","2530 BERT KOUNS","SUITE 138","SHREVEPORT","LA","71118","CADDO","ZWHJV7BQA309MWP8ZHHH6","U","3182125911","3182125168","05/24/2007","06/17/2021","M","N","Y","Y",,,"Family Medicine","LOUISIANA STATE UNIVERSITY SCHOOL OF MEDICINE IN SHREVEPORT","2005","16",,116462.78,2
"1144480963","9537358387","KRAHNKE","JASON","STANLEY",,,"DO","460 NORTHSIDE CHEROKEE BLVD STE 130",,"CANTON","GA","301158017","CHEROKEE","00QB30YG0CFJYA3BVMERPHHMW","U","2153077411","6784935608","06/16/2008","05/05/2021","M","Y","Y","Y",,,"Internal Medicine: Pulmonary Disease","PHILADELPHIA COLLEGE OF OSTEOPATHIC MEDICINE","2008","13",,74543.80,1
"1144496993","5597818641","ASHTA","RAMAN",,"DR.",,"MD","1555 W NASA BLVD UNIT B1",,"MELBOURNE","FL","329012640","BREVARD","H9AFV7CUL9IJIVOPPPHHMN8W","U","3213411700","3216226295","05/01/2008","09/01/2021","F","N","Y","Y",,,"Family Medicine",,"2001","20",,46087.22,1
"1144592353","7113183930","ENIOLA","KEHINDE","TEMITAYO",,,"M.D","1125 N CHURCH ST",,"GREENSBORO","NC","274011007","GUILFORD","AJYG37YGVP8HHHMR68","U","3368328035",,"02/02/2012","09/27/2021","F","N",,"Y",,,"Family Medicine",,"2006","15",,7243.77,0
"1154315513","6507885001","PALADE","ADELINA","L",,,"MD","46 WALNUT BOTTOM RD STE 200",,"SHIPPENSBURG","PA","172578219","CUMBERLAND","MM8C31A9A7VLIOER6P86H","R","7175324148","7175323561","08/31/2005","06/02/2021","F","N",,"Y",,,"Family Medicine",,"1993","28",,79598.43,2
"1154390763","6709856404","HAWN","LEIGH","J",,,"MD","14 RICHLAND MEDICAL PARK DR STE 320",,"COLUMBIA","SC","292036896","RICHLAND","3IDLIGFC01CVILYGF3RHWM8N8","U","8034346771","8034343955","03/16/2006","06/07/2021","F","N",,"Y",,,"Internal Medicine","UNIVERSITY OF SOUTH CAROLINA SCHOOL OF MEDICINE","2001","20",,56209.09,1
"1154402253","6305874728","KUZIS","KARL",,"DR.",,"MD PHD","940 NORTHGATE DR",,"RICHLAND","WA","993523505","BENTON","3C0AI2YA3BVMRN8PWNN","U","5099422516","5099422527","10/17/2006","05/18/2021","M","Y","Y","Y",,,"Family Medicine","OREGON HEALTH SCIENCES UNIVERSITY SCHOOL OF MEDICINE","1999","22",,19088.96,0
"1154404143","3779483516","CANCINO","JOSEFINA LUISA",,,,"MD","114 SANDHILL DR","STE 101","MIDDLETOWN","DE","197095805","NEW CASTLE","HMH3CLLFYCVIJRHHNM6NH","U","3023784779","3023784789","10/23/2006","05/21/2021","F","N",,"Y",,,"Family Medicine",,"1984","37",,31366.48,0
"1154527513","1355481953","WILEY","CHERESE","MARIE","DR.",,"M.D.","3417 GASTON AVE STE 700",,"DALLAS","TX","752462031","DALLAS","MM6UIVBAJI26HRWER8P6","U","2148234800","2148234801","06/22/2007","07/20/2021","F","N",,"Y",,,"Internal Medicine","MEHARRY MEDICAL COLLEGE SCHOOL OF MEDICINE","2005","16",,83999.76,2
"1154708543","4587957543","CASTELLONE","REID","D.",,,"MD","213 W 4TH NORTH ST",,"SUMMERVILLE","SC","29483","DORCHESTER","AJVROWH8WZRN8","U","8438730681","8438732749","05/05/2015","07/06/2021","M","N",,"Y",,,"Family Medicine","UNIVERSITY OF SOUTH CAROLINA SCHOOL OF MEDICINE","2015","6",,191205.68,3
"1164424313","7113066044","GATES","NICHOLAS","THOMAS","DR.",,"MD","2626 ALEXANDRIA PIKE STE 100",,"HIGHLAND HEIGHTS","KY","410761530","CAMPBELL","MH0QFDIF3CVI40LIE8E8E6MHR","U","8593012663","8598177848","06/01/2005","07/08/2021","M","N",,"Y",,,"Orthopaedic Surgery","UNIVERSITY OF CINCINNATI COLLEGE OF MEDICINE","1992","29",,34590.33,0
"1164429353","2062402415","JOHNSON","DENNIS","E",,,"MD","25 MONUMENT RD STE 295",,"YORK","PA","174035049","YORK","PN8C3AV017VB1P8WMR6H","U","7178127676","7174617155","07/01/2005","05/11/2021","M","N",,"Y",,,"Surgery: Surgical Oncology","TEMPLE UNIVERSITY SCHOOL OF MEDICINE","1989","32",,50684.97,1
"1164482683","6406748565","ELLER","ROBERT","LAFITTE","DR.",,"MD","1 DOCTORS DR",,"GREENVILLE","SC","296054266","GREENVILLE","3CJ3BAGBCHPMEN8","U","8645727001","8644120645","03/27/2006","07/14/2021","M","N",,"Y",,,"Otolaryngology","VANDERBILT UNIVERSITY SCHOOL OF MEDICINE","2000","21",,114296.58,2
"1164520243","9032208467","MENDEZ","OSCAR",,,,"MD","2951 NW 49TH AVE","SUITE 306","LAUDERDALE LAKES","FL","333131600","BROWARD","EMWUINROVHPN8WHWWW","U","9547174066","9547174069","09/20/2006","06/30/2021","M","Y","Y","Y",,,"Family Medicine",,"1995","26",,258045.22,4
"1164521803","7214063023","MARSLAND","THOMAS","W","DR.",,"MD","300 MEADOWMONT VILLAGE CIR STE 102",,"CHAPEL HILL","NC","275177518","ORANGE","H3FG2LUAVB1OBCI01MMW6HP68","U","9199622862","9849742993","09/21/2006","05/11/2021","M","N",,"Y",,,"Family Medicine","VIRGINIA COMMONWEALTH UNIVERSITY, SCHOOL OF MEDICINE","1999","22",,39077.38,1
"1164528873","8123143757","HABENICHT","KYMBER","L","DR.",,"MD","1300 CLEVELAND AVE",,"CHATTANOOGA","TN","374042005","HAMILTON","UICVIL0U0LGMMWHRMR6W","U","4237567860",,"09/16/2006","09/15/2021","F","N",,"Y",,,"Urology",,"1990","31",,119058.45,2
"1164651543","0345406716","NGAR","MAGGIE","MARIE",,,"D.O.","302 SE SALEM ST",,"OAK GROVE","MO","640759299","JACKSON","AJ10LIJ0J8MWP6MRE","U","8166906566","8166258276","07/07/2009","09/03/2021","F","N",,"Y",,,"Family Medicine",,"2009","12",,78641.48,2
"1164743183","5698917532","PHAN","NGOC KHANH","T",,,"D.O.","4755 ALDINE MAIL ROUTE RD",,"HOUSTON","TX","770395934","HARRIS","C30A3LFI10VFCLIPP6RNWM66","U","2819857600","2819857786","06/14/2010","05/13/2021","F","N",,"Y",,,"Family Medicine",,"2010","11",,9419.07,0
"1174543573","3779517784","HUSTED","DANIEL","SHAKESPEARE","DR.",,"M.D.","1050 SE MONTEREY RD STE 400",,"STUART","FL","349944512","MARTIN","MMRC3K030AVB10JMPMHRNNRW","U","7722882400","7724190144","07/20/2006","08/17/2021","M","N",,"Y",,,"Orthopaedic Surgery: Orthopaedic Surgery of the Sp","UNIVERSITY OF FLORIDA COLLEGE OF MEDICINE","2000","21",,708603.19,5
"1174566053","1557490760","HARRIS","ROBERT","A",,"JR.","M.D.","8440 WALNUT HILL LN STE 800",,"DALLAS","TX","752313825","DALLAS","MMZVLLYA7VLIOMRRZHW8P6","U","2143455999",,"06/14/2006","07/16/2021","M","N",,"Y",,,"Internal Medicine","UNIVERSITY OF TEXAS SOUTHWESTERN MEDICAL SCHOOL AT DALLAS","1976","45",,113436.28,2
"1174586143","9234168725","OVERBECK-ZISKO","TERRI","LYNN",,,"M.D.","3260 WESTBOURNE DR",,"CINCINNATI","OH","452485107","HAMILTON","3C0V37B9AJ0OME8WZR8PR","U","5136741400","5132061904","04/10/2006","08/05/2021","F","N",,"Y",,,"Family Medicine","UNIVERSITY OF CINCINNATI COLLEGE OF MEDICINE","1993","28",,26876.82,0
"1174728893","5395993778","ARMBRUSTER","ROBERT","ANTHONY","DR.",,"M.D.","3550 MCKELVEY RD",,"BRIDGETON","MO","630442527","SAINT LOUIS","C3K0UL0QG1MPPWRRMWE","U","3147410911","3147410501","06/21/2007","06/07/2021","M","N",,"Y",,,"Internal Medicine: Cardiovascular Disease","SAINT LOUIS UNIVERSITY SCHOOL OF MEDICINE","2006","15",,607178.13,5
"1174759203","5092992032","SATTERLY","THOMAS","FREDERICK","DR.","III","D.O.","1050 W 10TH ST",,"ROLLA","MO","654012905","PHELPS","AJMHOMPMHHMRPE","R","5733645633","5732022490","06/03/2009","07/15/2021","M","N",,"Y",,,"Orthopaedic Surgery","AT STILL UNIVERSITY OF HEALTH SCIENCES, COLLEGE OF OSTEO MED, KIRKSVILLE","2006","15",,102211.07,2
"1174768063","5294913927","KATZ","RYAN","M",,,"MD","1500 OGLETHORPE AVE STE 2000",,"ATHENS","GA","306062188","CLARKE","MMM8UI0D3BYA0L2BMMPHEMEMW","U","7065485488","7065480016","12/08/2008","06/28/2021","M","N",,"Y",,,"Surgery","MERCER UNIVERSITY SCHOOL OF MEDICINE","2006","15",,28970.34,0
"1174777973","0749436442","JESPERSON","TRICIA","N",,,"DO","4224 NE HALSEY ST STE 300",,"PORTLAND","OR","972131568","MULTNOMAH","MMWAJK0JLIY0VR88RWH86N","U","5032355509","5032355335","11/06/2008","06/30/2021","F","Y","Y","Y",,,"Internal Medicine: Nephrology",,"2007","14",,68451.65,1
"1174830863","3779730742","MONDELO","DOREEN","PEREZ",,,"M.D.","400 PATROON CREEK BLVD STE 100",,"ALBANY","NY","122065014","ALBANY","MMHCUL9Q3GVBB3AIDMMREM88H","U","5186181100","5186494094","09/02/2010","05/14/2021","F","N",,"Y",,,"Family Medicine",,"1998","23",,39500.90,1
"1174963953","6709010390","RAPPAPORT","MAXIMILIEN","JACOB",,,"D.O.","877 W FARIS RD STE D",,"GREENVILLE","SC","296054296","GREENVILLE","CC3JF3ISO66ZPMEN8","U","8644559031",,"06/26/2013","06/15/2021","M","N",,"Y",,,"Internal Medicine: Endocrinology, Diabetes and Met","LAKE ERIE COLLEGE OF OSTEOPATHIC MEDICINE, ERIE","2013","8",,51876.93,1
"1184016073","4284919655","AHMAD","MUHAMMAD",,,,,"3111 EUBANK BLVD NE STE B",,"ALBUQUERQUE","NM","871114875","BERNALILLO","90VCUL9QVI970HHHWHHH6Z","U","5054332186",,"03/02/2015","09/21/2021","M","Y","Y","Y",,,"Internal Medicine",,"2010","11",,125197.29,3
"1184042293","6800161357","BETT","EAN",,,,"M.D.","290 E TOWN ST",,"COLUMBUS","OH","432154602","FRANKLIN","AJVOBA0MN8PH8WR","U","6147885400","6147885500","04/04/2014","09/13/2021","M","N",,"Y",,,"Family Medicine",,"2014","7",,9159.67,0
"1184672123","0648336883","BRAVER","HOWARD","MICHAEL","DR.",,"M.D.","3700 WASHINGTON ST STE 200",,"HOLLYWOOD","FL","330218249","BROWARD","MM8AJIOMM6WH8MWW","U","9548943003","9548943323","05/04/2006","10/06/2021","M","N",,"Y",,,"Internal Medicine","MEDICAL COLLEGE OF GEORGIA SCHOOL OF MEDICINE","1990","31",,173540.31,3
"1184770083","5597862581","LOEWE","CHARLES","J",,,"MD","3325 S TAMIAMI TRL STE 200",,"SARASOTA","FL","342395142","SARASOTA","MM8L3AF1IF1IAJP8WWNW8RW","U","9419529223","9419550642","01/25/2007","08/26/2021","M","N",,"Y",,,"Internal Medicine: Gastroenterology","HAHNEMANN UNIVERSITY COLLEGE OF MEDICINE","1978","43",,317427.36,4
"1194016733","7416184791","RELLAS","STEPHEN","DALE","DR.",,"MD","2121 E HARMONY RD","SUITE 370","FORT COLLINS","CO","805283400","LARIMER","M6WC3KVB13IY0H8H8Z8PMZ","U","9702212290","9702950036","05/01/2011","09/08/2021","M","N",,"Y",,,"Family Medicine","UNIVERSITY OF TEXAS MEDICAL SCHOOL AT SAN ANTONIO","2011","10",,57135.12,1
"1194040303","4789979592","NGUYEN","QUYEN",,,,,"3459 5TH AVE","DEPARTMENT OF PULMONARY ALLERGY AND CRITICAL CARE MED","PITTSBURGH","PA","152133236","ALLEGHENY","UIPNPRWWH8PH","U","4126922210",,"03/30/2010","05/24/2021","F","N",,"Y",,,"Internal Medicine: Allergy and Immunology","UNIVERSITY OF PITTSBURGH SCHOOL OF MEDICINE","2010","11",,19995.46,0
"1194188383","7214229467","LEWIS","RYAN",,,,"PA-C","5323 HARRY HINES BLVD STOP 7200",,"DALLAS","TX","753907200","DALLAS","AJCUL9J0VFYK33IYW8WPMNWP6","U","2146483111","2146488769","04/04/2016","05/26/2021","M","N",,"Y",,,"Urology",,"2015","6",,204059.79,3
"1194713313","0244232635","WU","HSIAO-CHI","DAVID",,,"MD","4920 N INTERSTATE AVE",,"PORTLAND","OR","972173653","MULTNOMAH","UIFVM8NR6H86N","U","5032153300","5032153350","10/11/2005","07/01/2021","M","N",,"Y",,,"Family Medicine","UNIVERSITY OF ARIZONA COLLEGE OF MEDICINE","1997","24",,25274.81,0
"1194725143","9335122233","HALL","PATRICK",,,,"M.D.","620 N BROAD ST",,"WOODBURY","NJ","080961795","GLOUCESTER","AJCIB39VM8EENMZM","U","8566024000","8569461747","07/29/2005","09/28/2021","M","N",,"Y",,,"Otolaryngology","RUTGERS NEW JERSEY MEDICAL SCHOOL","1986","35",,96098.04,2
"1194801993","3870649973","RIVARD","GARY","S.",,,"DO","7 MAIN ST",,"TURNER","ME","042824138","ANDROSCOGGIN","AJVFI168Z8RM","U","2075243501","2072252692","10/27/2006","06/25/2021","M","N",,"Y",,,"Family Medicine","UNIVERSITY OF NEW ENGLAND, COLLEGE OF OSTEO MEDICINE","2006","15",,1548.25,0
"1194846923","5991890428","JIMENEZ","DEREK",,"DR.",,"M.D.","1619 CREIGHTON RD STE 1",,"PENSACOLA","FL","325047152","ESCAMBIA","HC3VBAY2F03GNHEHRMP8W","U","(850) 444-4700","8504348144","04/02/2007","06/11/2021","M","N",,"Y",,,"Internal Medicine: Nephrology",,"2000","21",,431483.36,4
"1194992073","7618143249","BRUNKEN","JANETTE","M.",,,"M.D.","401 KAMOKILA BLVD",,"KAPOLEI","HI","96707","HONOLULU","CUL9ILFQB1IQHMR6M6EN","U","8084323600",,"05/10/2008","07/09/2021","F","N",,"Y",,,"Family Medicine","UNIVERSITY OF CALIFORNIA, GEFFEN SCHOOL OF MEDICINE","2006","15",,1340.44,0
"1275511883","9133024656","MEYERS","GARY","N","DR.",,"M.D.","1051 W RAND RD # 110",,"ARLINGTON HEIGHTS","IL","600042315","COOK","MHHC3CVI3OHPMHRMMME","U","8476189292","8476189294","01/04/2006","05/10/2021","M","N",,"Y",,,"Internal Medicine","UNIVERSITY OF ILLINOIS COLLEGE OF MED (CHI-PEOR-ROCK-CHM-URB)","1982","39",,148294.10,3
"1285653113","0749345106","PASSARELLI","WILLIAM","O",,"III","MD","4300 HOSPITAL ST STE 102",,"PASCAGOULA","MS","395815329","JACKSON","8MHAJLIAFDJBYMMWRHZPNW","U","2287621002",,"07/19/2006","06/28/2021","M","Y","Y","Y",,,"Internal Medicine: Cardiovascular Disease","NEW YORK MEDICAL COLLEGE","1991","30",,680005.75,5
"1295732113","5193750883","MADDOX","SONJA",,,,"MD","601 S CARR RD","SUITE 100","RENTON","WA","980555866","KING","MMHC333IGJHMEPPMZN","U","4252273700","4252273115","07/07/2005","06/16/2021","F","N",,"Y",,,"Family Medicine","UNIVERSITY OF WASHINGTON SCHOOL OF MEDICINE","1999","22",,24941.71,0
"1326045113","8123091196","NOLD","RONALD","JOSEPH","DR.","JR.","MD","818 N EMPORIA ST STE 200",,"WICHITA","KS","672143788","SEDGWICK","MM8AJIF3BD10VZHZRH86E","U","3162630296","3162639523","07/07/2005","08/02/2021","M","N",,"Y",,,"Surgery","UNIVERSITY OF KANSAS SCHOOL OF MED (KC-WICH-SAL)","1998","23",,103289.20,2
"1326117623","9234116385","MILLER","DAVID","J",,,"DO","3500 HEALTHPLEX PKWY STE 200",,"NORMAN","OK","730729801","CLEVELAND","M8KOQD40LDYALI0YMMPW86MW6","U","4055152288","4053075715","11/08/2006","07/16/2021","M","N",,"Y",,,"Thoracic Surgery (Cardiothoracic Vascular Surgery)","OKLAHOMA STATE UNIVERSITY COLLEGE OF OSTEOPATHIC MEDICINE","1991","30",,119270.48,2
"1396181103","7416180500","GALLO","MARIA","ELIZABETH",,,"DO","6801 W 20TH ST UNIT 101",,"GREELEY","CO","806349640","WELD","HMHAFV7AJM8OHMZERWEMZ","U","9703788000","9703788088","05/20/2013","06/03/2021","F","N",,"Y",,,"Family Medicine",,"2013","8",,19378.12,0
"1407118953","3173834629","MCDERMOTT","JOSEPH","THOMAS",,"III","DO","112 N 7TH ST",,"CHAMBERSBURG","PA","172011720","FRANKLIN","AJ6V8HHHM86H","U","7172174300","7172174217","06/11/2012","07/01/2021","M","N",,"Y",,,"Family Medicine","PHILADELPHIA COLLEGE OF OSTEOPATHIC MEDICINE","2012","9",,84371.47,2
"1417111063","5890831390","AHMAD","MUSSABER","MUSHTAQ","DR.",,"DO","101 WELLNESS WAY STE 300",,"MILFORD","DE","199634366","SUSSEX","MMWKIOJJ0VLL0OHMHWENNH","R","3024226050","3024226685","07/14/2008","08/09/2021","M","N",,"Y",,,"Internal Medicine: Clinical Cardiac Electrophysiol","PHILADELPHIA COLLEGE OF OSTEOPATHIC MEDICINE","2006","15",,134419.49,3
"1417921123","5597853796","KASABALI","BASEL",,,,"MD","2727 HEARNE AVE",,"SHREVEPORT","LA","711033931","CADDO","UI0V3I0Y6868WMHH6","U","3186316400","3186310300","02/17/2006","06/17/2021","M","N",,"Y",,,"Internal Medicine: Cardiovascular Disease",,"1983","38",,647891.26,5
"1457791113","0749585131","KHAN","MUHAMMAD","OWAIS","DR.",,"M.D. , MBA, FHM.","2450 S TELSHOR BLVD",,"LAS CRUCES","NM","880115069","DONA ANA","CUL93BYJL0AJMPR8HHMZZ","U","5755215457",,"06/26/2013","06/07/2021","M","Y","Y","Y",,,"Internal Medicine",,"2011","10",,160056.85,3
"1548249113","7315987302","MARCUS","WENDI","G","DR.",,"M.D.","15 S MCHENRY RD",,"BUFFALO GROVE","IL","600896705","LAKE","C3K3V0YG1JPHNZMME","U","8476180351","8476180766","01/12/2006","10/05/2021","F","N",,"Y",,,"Internal Medicine","LOYOLA UNIVERSITY OF CHICAGO, STRITCH SCHOOL OF MEDICINE","1988","33",,69024.29,1
"1639112303","8426052010","MALINENI","KRISHNA","C","DR.",,"M.D.","8075 N SHADELAND AVE","#200","INDIANAPOLIS","IN","462502693","MARION","MM8UICVIL0CIYJVP6MZMP8ER","U","3176218500","3176218501","06/13/2006","06/14/2021","M","N",,"Y",,,"Internal Medicine: Clinical Cardiac Electrophysiol","WAYNE STATE UNIVERSITY SCHOOL OF MEDICINE","1997","24",,537338.93,5
"1730114083","9931165669","D'AMORA","JULIA",,"DR.",,"DO","2001 CRYSTAL SPRING AVE SW","SUITE 302","ROANOKE","VA","240142462","ROANOKE CITY","MWOJUI2DJLIAJK3GHMM8RHMR8","U","5409817653","5409817469","07/12/2006","08/18/2021","F","N",,"Y",,,"Family Medicine","PHILADELPHIA COLLEGE OF OSTEOPATHIC MEDICINE","1999","22",,44879.68,1
"1750547113","1355568510","MONTGOMERY","SUSAN","KATHLEEN","DR.",,"MD","21632 HIGHWAY 99",,"EDMONDS","WA","980268032","SNOHOMISH","NNKOY8WEH8E8MZN","U","4256738300",,"08/04/2008","05/25/2021","F","N",,"Y",,,"Internal Medicine: Hematology and Oncology","UNIVERSITY OF WASHINGTON SCHOOL OF MEDICINE","2008","13",,37126.98,0
"1790732113","4587667290","PATEL","JIGNESH","NIRANJAN",,,"D.O.","5141 W BROAD ST STE 150",,"COLUMBUS","OH","432281984","FRANKLIN","MPHAJCIB39OHRHPZ88WR","U","6145441401","6145441403","05/30/2006","08/24/2021","M","N","Y","Y",,,"Orthopaedic Surgery","LAKE ERIE COLLEGE OF OSTEOPATHIC MEDICINE, ERIE","2001","20",,175211.45,3
"1801193883","4486944774","DIRIG","NICHOLAS","J",,,"DO","973 MICA DRIVE","SUITE 201","CARSON CITY","NV","897057255","DOUGLAS","HM83CIGF1W6NPM6NZ","R","7757836190","7757836191","02/28/2011","07/20/2021","M","N",,"Y",,,"Orthopaedic Surgery","MIDWESTERN UNIVERSITY, CHICAGO COLLEGE OF OSTEOPATHIC MED","2011","10",,279245.32,4
"1811193923","7113051681","KOYA","BRINDA",,,,"MD","10660 PARK RD","STE 2100","CHARLOTTE","NC","282108413","MECKLENBURG","MMH8C3Q3IDMEEMHMH8Z8","U","9804420410",,"06/25/2007","09/27/2021","F","N",,"Y",,,"Internal Medicine: Hematology",,"2001","20",,60833.89,1
"1811242753","2062641194","SALL","JORDAN","RAY","DR.",,"D.O","212 S SULLIVAN AVE",,"FREMONT","MI","494121548","NEWAYGO","UIVIUFLL7JJ8H88HRNR","R","6163913139","6164866702","07/17/2012","09/02/2021","M","N",,"Y",,,"Internal Medicine","LAKE ERIE COLLEGE OF OSTEOPATHIC MEDICINE, ERIE","2012","9",,43101.39,1
"1811331713","3476775354","TAKEHARA","CHIYO","WENDY",,,"M.D","75 PRINGLE WAY","SUITE 601","RENO","NV","89502","WASHOE","HMEKIO0L2VF3DP68MPNZ","U","7759825000","7759823900","04/22/2013","10/04/2021","F","N",,"Y",,,"Family Medicine","UNIVERSITY OF ROCHESTER SCHOOL OF MEDICINE AND DENTISTRY","2013","8",,77573.23,2
"1811943343","1254344161","ATHAR","SAIMA",,,,"M.D,  PHD","912 3RD ST","SUITE 101","GREENSBORO","NC","274056967","GUILFORD","HMHAJW8HNPMR68","U","3362732511","3363700287","05/26/2006","08/10/2021","F","N",,"Y",,,"Psych/Neurol: Neurology",,"1998","23",,66001.99,1
"1821156233","3779609730","SHENOI","JAIDEEP",,,,"MD","33501 1ST WAY S",,"FEDERAL WAY","WA","980036208","KING","JKIOHHMPWWWMMZN","U","2538382400","2538741637","12/05/2006","05/05/2021","M","N",,"Y",,,"Internal Medicine: Hematology and Oncology",,"1996","25",,222731.97,3
"1821408113","7517220502","SCOTT","MARY",,,,"DO","450 E ROMIE LN STE 140",,"SALINAS","CA","939014029","MONTEREY","MRHVL0F1B30MPRHMNWN","U","8317593257","8317543875","05/07/2014","09/23/2021","F","N","Y","Y",,,"Hospitalist","UNIVERSITY OF NORTH TEXAS HSC, COLLEGE OF OSTEOPATHIC MED","2014","7",,92183.07,2
"1831164193","5698701894","SCHWARZ","ELEANOR","BIMLA","DR.",,"MD","1001 POTRERO AVENUE","BLDG. 5, , FL 1, #1M","SAN FRANCISCO","CA","94110","SAN FRANCISCO","UIB303ABDHMMHMHHRN","U","6282068494",,"02/21/2006","08/18/2021","F","N",,"Y",,,"Internal Medicine","UN OF CALIFORNIA, IRVINE, COLLEGE OF MEDICINE","1999","22",,34549.86,0
"1831169333","3173425055","NOBILIO-VICARIO","DEBORAH","ANNE","DR.",,"MD","10325 DEWHURST RD",,"ELYRIA","OH","440358403","LORAIN","C3AJ37YO0CP8WMHPWMRR","U","4404149260","2162015581","01/25/2006","08/09/2021","F","N",,"Y",,,"Family Medicine","CLVLND CLINIC LERNER COLLEGE OF MED OF CASE WSTN RSV UNIVERSITY","1997","24",,37895.47,1
"1831185073","1850359415","SUSARLA","SREELEKHA",,"DR.",,"M.D.","2424 N WYATT DR STE 100",,"TUCSON","AZ","857126119","PIMA","MMH3CAAIKOVR8R88H6PZ","U","5203248621","5203243935","09/22/2005","05/12/2021","F","N",,"Y",,,"Internal Medicine",,"1999","22",,89329.29,2
"1831187053","7911965413","ARIAS","CARLOS","I","DR.",,"M.D.","5309 E STATE ROAD 64 E",,"BRADENTON","FL","342085533","MANATEE","0REC30AIAJ0NMWPZM8RW","U","9417479818","9417479535","10/11/2005","07/23/2021","M","Y","Y","Y",,,"Family Medicine",,"1989","32",,80338.97,2
"1851511703","4385710755","SWYMN","JEREMY","PAUL","DR.",,"M.D.","1010 S MAIN ST",,"JONESBORO","AR","724013503","CRAIGHEAD","AJVFI1JMHMHHMR86","U","8709321820","8709726712","04/25/2007","05/27/2021","M","N",,"Y",,,"Orthopaedic Surgery: Sports Medicine","UNIVERSITY OF ARKANSAS COLLEGE OF MEDICINE","2003","18",,176755.31,3
"1861705113","8123272127","JAHAN","IFFAT",,,,"MD","6750 N MACARTHUR BLVD STE 350",,"IRVING","TX","750392484","DALLAS","PWCUL937YA3IGI1VMP6ENWMP6","U","9725561616","9725561740","07/15/2010","06/24/2021","F","N",,"Y",,,"Family Medicine",,"2010","11",,44387.42,1
"1861811663","6800014226","REIDER","BRYAN","RANDOLPH",,,"D.O","1113 OAKRIDGE DR",,"FORT COLLINS","CO","805255591","LARIMER","3C02CF3QIBWHHHP8PMZ","U","9702250040","9702252996","04/09/2014","09/08/2021","M","N",,"Y",,,"Family Medicine",,"2014","7",,40936.64,1
"1912118753","1658420419","NEAL","TROY","MICHAEL","DR.",,"M.D.","3417 GASTON AVE STE 700",,"DALLAS","TX","752462031","DALLAS","MM6UIVBAJI26HRWER8P6","U","2148234800","2148234801","05/24/2007","07/21/2021","M","N",,"Y",,,"Internal Medicine","UNIVERSITY OF OKLAHOMA COLLEGE OF MEDICINE","2006","15",,149516.34,3
"1932111903","5294863924","EDWARDS","JENNIFER","L","DR.",,"M.D.","3417 GASTON AVE STE 700",,"DALLAS","TX","752462031","DALLAS","MM6UIVBAJI26HRWER8P6","U","2148234800","2148234801","08/11/2006","07/20/2021","F","N",,"Y",,,"Internal Medicine","UNIVERSITY OF TEXAS MEDICAL SCHOOL AT HOUSTON","1993","28",,82023.25,2
"1982011763","0244450773","PARMAR","GAURAV",,"DR.",,"MD, MPH, FACC, FSVM","55 FRUIT ST",,"BOSTON","MA","02114","SUFFOLK","AJAF73SPPRHH8M","U","2052664408",,"07/14/2014","09/28/2021","M","N",,"Y",,,"Internal Medicine: Cardiovascular Disease",,"2005","16",,21360.45,0
"1992112973","7012268576","EL-RIFAI","MOHAMMAD",,,,"MD","800 E 20TH ST STE 230",,"CHEYENNE","WY","820013869","LARAMIE","MW8AJM80MMZHMM8Z","U","3079961560","3079961565","07/22/2014","06/28/2021","M","N","Y","Y",,,"Internal Medicine: Endocrinology, Diabetes and Met",,"2011","10",,67792.81,1
