"CCN","NPI","HospitalName","HospitalLBN","Address1","Address2","City","State","ZIP Code","County","Rural/Urban/Sub","HospitalPhone","HospitalFax","HospitalType","HospitalOwnership","EmergencyService","CoLoCode","AuthPN","AuthFN","AuthMN","AuthLN","AuthSN","AuthCred","AuthTitle"
"030006","1174512792","TUCSON MEDICAL CENTER","TUCSON MEDICAL CENTER","5301 EAST GRANT ROAD",,"TUCSON","AZ","85712","PIMA","U","5203275461",,"Acute Care Hospitals","Voluntary non-profit - Private","Yes","C3AVI320HMWP8H6PZ",,"NATE",,"TANPIENGCO",,,"CORPORATE SR VP - CFO"
"040020","1932417821","ST BERNARDS MEDICAL CENTER","ST BERNARDS MEDICAL CENTER","225 E JACKSON",,"JONESBORO","AR","72401","CRAIGHEAD","U","8709724100","8709745112","Acute Care Hospitals","Voluntary non-profit - Private","Yes","VBJQGIT0P88HMR86",,"CHRIS",,"BARBER",,,"HOSPITAL ADMINISTRATOR"
"040029","1235666033","CONWAY REGIONAL HEALTH SYSTEM","CONWAY REGIONAL HEALTH SYSTEM","2302 COLLEGE AVENUE",,"CONWAY","AR","72034","FAULKNER","U","5013293831",,"Acute Care Hospitals","Voluntary non-profit - Private","Yes","UI020LLBG8MW8RWM86",,"RHONDA",,"TOSH",,"MS, RDN, CDE, BC-ADM","WELLNESS AND DIABETES COORDINATOR"
"041313","1609061035","OZARK HEALTH","OZARK HEALTH","2500 HIGHWAY 65 SOUTH",,"CLINTON","AR","72031","VAN BUREN","R","5017457000","5017454203","Critical Access Hospitals","Voluntary non-profit - Private","Yes","JPEKOYMMP8HWM86","MR.","HERBERT","KIRK","REAMEY",,,"CEO"
"050334","1306220694","SALINAS VALLEY MEMORIAL HOSPITAL","SALINAS VALLEY MEMORIAL HOSPITAL","450 EAST ROMIE LANE",,"SALINAS","CA","93901","MONTEREY","U","8317574333",,"Acute Care Hospitals","Voluntary non-profit - Other","Yes","VL0F1B30MPRHMNWN",,"DAVID",,"RAMOS",,"MD","MEDICAL DIRECTOR"
"050599","1013062033","UNIVERSITY OF CALIFORNIA DAVIS MEDICAL CENTER","UNIVERSITY OF CALIFORNIA DAVIS MEDICAL CENTER","2315 STOCKTON BOULEVARD",,"SACRAMENTO","CA","95817","SACRAMENTO","U","9167342011",,"Acute Care Hospitals","Government - Hospital District or Authority","Yes","CUL9VBAQGBAJPHW86HZPN",,"SUSAN",,"LEWIS",,"L.C.S.W.","PSYCHIATRIC SOCIAL WORKER"
"051320","1538197231","BANNER LASSEN MEDICAL CENTER","BANNER LASSEN MEDICAL CENTER","1800 SPRING RIDGE DRIVE",,"SUSANVILLE","CA","96130","LASSEN","R","5302522000",,"Critical Access Hospitals","Voluntary non-profit - Private","Yes","3C2C32DJMMZHMWHEN",,"DENNIS",,"DAHLEN",,,"SR VICE PRESIDENT"
"060001","1225057656","NORTH COLORADO MEDICAL CENTER","NORTH COLORADO MEDICAL CENTER","1801 - 16TH ST",,"GREELEY","CO","80631","WELD","U","9708104121",,"Acute Care Hospitals","Voluntary non-profit - Private","Yes","AJEHHMZHHWEMZ",,"DENNIS",,"DAHLEN",,,"SR VICE PRESIDENT FINANCE"
"060008","1003990292","SAN LUIS VALLEY HEALTH","SAN LUIS VALLEY HEALTH","106 BLANCA AVE",,"ALAMOSA","CO","81101","ALAMOSA","R","7195892511",,"Acute Care Hospitals","Voluntary non-profit - Private","Yes","UIIGVIL9EMHHMHHZ",,"RUSSELL","W","JOHNSON",,,"CEO"
"060010","1629579396","POUDRE VALLEY HOSPITAL","POUDRE VALLEY HOSPITAL","1024 S LEMAY AVE",,"FORT COLLINS","CO","80524","LARIMER","U","9704957000","7205531754","Acute Care Hospitals","Voluntary non-profit - Private","Yes","UIKI10LJR8MHR8PMZ",,"CHRISTOPHER","DANIEL","RIEBER",,,"CHIEF FINANCIAL OFFICER"
"060119","1750392304","MEDICAL CENTER OF THE ROCKIES","MEDICAL CENTER OF THE ROCKIES","2500 ROCKY MOUNTAIN AVENUE",,"LOVELAND","CO","80538","LARIMER","U","9706242500","9706241290","Acute Care Hospitals","Voluntary non-profit - Private","Yes","UIVA1KQGB3MMP8ZWPMZ",,"CHRISTOPHER","DANIEL","RIEBER",,,"CHIEF FINANCIAL OFFICER, UCHEALTH"
"060131","1780183145","UCHEALTH GREELEY HOSPITAL","UCHEALTH GREELEY HOSPITAL","6767 WEST 29TH STREET",,"GREELEY","CO","80634","WELD","U","9706522000",,"Acute Care Hospitals","Voluntary non-profit - Private","Yes","AJN8O6E6ERWEMZ","MR.","CHRISTOPHER","DANIEL","RIEBER",,,"CFO, UCHEALTH"
"061308","1992968002","SAN LUIS VALLEY HEALTH CONEJOS COUNTY HOSPITAL","SAN LUIS VALLEY HEALTH CONEJOS COUNTY HOSPITAL","19021 US HIGHWAY 285",,"LA JARA","CO","81140","CONEJOS","R","7192745121","7192746038","Critical Access Hospitals","Voluntary non-profit - Private","Yes","PZ8KOYJ7H8MNHMRHHZ",,,,,,,
"061315","1629074182","YUMA DISTRICT HOSPITAL","YUMA DISTRICT HOSPITAL","1000 W 8TH AVE",,"YUMA","CO","80759","YUMA","R","9708485405",,"Critical Access Hospitals","Government - Hospital District or Authority","Yes","UIZOMMMHNP6MZ",,"ELIZABETH","A","SAXTON",,,"CEO"
"080001","1083192298","CHRISTIANA HOSPITAL","CHRISTIANA HOSPITAL","4755 OGLETOWN-STANTON ROAD",,"NEWARK","DE","19718","NEW CASTLE","U","3027331000",,"Acute Care Hospitals","Voluntary non-profit - Private","Yes","3VBAVIAJVOBA0L2BPP6RZH6NH",,"SAHBINA","ANGELE","EBBA",,"MD","HOSPITALIST"
"080004","1467546135","BAYHEALTH HOSPITAL, KENT CAMPUS","BAYHEALTH HOSPITAL, KENT CAMPUS","640 S STATE STREET",,"DOVER","DE","19901","KENT","U","3027447001",,"Acute Care Hospitals","Voluntary non-profit - Private","Yes","AJ0AIAJJMREHMNNH",,"TERRY","M","MURPHY",,,"PRESIDENT-CEO"
"080007","1033597612","BEEBE MEDICAL CENTER","BEEBE MEDICAL CENTER","424 SAVANNAH RD",,"LEWES","DE","19958","SUSSEX","R","3026453300",,"Acute Care Hospitals","Voluntary non-profit - Private","Yes","C3YIVVIUIJR8RZPNNH","MS.","DORIS","MICHELLE","JONES",,"R.N.","REGISTER NURSE"
"080009","1023006434","BAYHEALTH HOSPITAL, SUSSEX CAMPUS","BAYHEALTH HOSPITAL, SUSSEX CAMPUS","100 WELLNESS WAY",,"MILFORD","DE","19963","SUSSEX","R","3024223311","3027353842","Acute Care Hospitals","Voluntary non-profit - Private","Yes","KIOJJ0VLL0OMMHWENNH",,"AMY","SUE","MCCARTAN",,,"EXECUTIVE DIRECTOR, FINANCE"
"100029","1598337305","NORTH SHORE MEDICAL CENTER","NORTH SHORE MEDICAL CENTER","1100 NW 95TH ST",,"MIAMI","FL","33150","MIAMI-DADE","U","3058356000",,"Acute Care Hospitals","Proprietary","Yes","AJPNOVMMHHMPHWW","MR.","HERBERT",,"HOLTZ",,,"OFFICER, DIRECTOR, GENERAL COUNSEL"
"100035","1154762060","MANATEE MEMORIAL HOSPITAL","MANATEE MEMORIAL HOSPITAL","206 2ND ST E",,"BRADENTON","FL","34208","MANATEE","U","9417465111",,"Acute Care Hospitals","Proprietary","Yes","0AJ8EM8ZM8RW","DR.","CASSANDRA",,"HAFNER",,"DO","RESIDENT PHYSICIAN"
"100038","1780667923","MEMORIAL REGIONAL HOSPITAL","MEMORIAL REGIONAL HOSPITAL","3501 JOHNSON ST",,"HOLLYWOOD","FL","33021","BROWARD","U","9542655814","9546022850","Acute Care Hospitals","Government - Hospital District or Authority","No","AJVBJVYBTHMPWH8MWW",,"MELISSA","ANN","BURNS",,,"DIRECTOR"
"100044","1912289588","CLEVELAND CLINIC MARTIN NORTH HOSPITAL","CLEVELAND CLINIC MARTIN NORTH HOSPITAL","200 SE HOSPITAL AVE",,"STUART","FL","34995","MARTIN","U","7722875200","7722885834","Acute Care Hospitals","Voluntary non-profit - Private","Yes","UILIAFDJBY0JMM8PNNRW",,,,,,,
"100054","1700904380","TWIN CITIES HOSPITAL","TWIN CITIES HOSPITAL","2190 HWY 85 N",,"NICEVILLE","FL","32578","OKALOOSA","U","8506784131",,"Acute Care Hospitals","Proprietary","Yes","VPZKOYMNH8Z6P8W",,"DAVID","A","WHALEN",,,"CHIEF EXECUTIVE OFFICER"
"100079","1568596765","University Of Miami Hosp & Clinics","University Of Miami","1475 N.W. 12th Avenue",,"Miami","FL","33136","MIAMI-DADE","U",,,"Teaching Hospital",,,"UI8HOVP6RHEWHWW","MS.","JEANNETTE",,"GARCIA",,"ARNP","ARNP MANAGER"
"100081","1710984299","HEALTHMARK REGIONAL MEDICAL CENTER","HEALTHMARK REGIONAL MEDICAL CENTER","4413 US HWY 331 S",,"DEFUNIAK SPRINGS","FL","32435","WALTON","U","8509514500","8508927079","Acute Care Hospitals","Proprietary","Yes","JHWWKOYJ7WHRRPWR8W","MS.","LISA","SHIRLEY","HOLLEY",,,"COO"
"100087","1144470196","SARASOTA MEMORIAL HOSPITAL","SARASOTA MEMORIAL HOSPITAL","1700 S TAMIAMI TRL",,"SARASOTA","FL","34239","SARASOTA","U","9419179000","9414875430","Acute Care Hospitals","Government - Hospital District or Authority","Yes","L3AF1IF1IAJMM6HNW8RW",,"EILEEN",,"WELCH",,"MED","PROGRAM MANAGER"
"100092","1033176128","STEWARD ROCKLEDGE HOSPITAL","STEWARD ROCKLEDGE HOSPITAL","110 LONGWOOD AVE",,"ROCKLEDGE","FL","32955","BREVARD","U","3216372603",,"Acute Care Hospitals","Proprietary","Yes","UICBBO2VBLMHHPPN8W",,"LAURIE",,"HOLTSFORD",,,"AUTHORIZED OFFICIAL"
"100122","1457864357","NORTH OKALOOSA MEDICAL CENTER","NORTH OKALOOSA MEDICAL CENTER","151 REDSTONE AVE SE",,"CRESTVIEW","FL","32539","OKALOOSA","U","8506898100","8506898484","Acute Care Hospitals","Voluntary non-profit - Private","Yes","0JUI0VBAJC03HPHNWP8W",,"PAULA",,"LALOR",,,"DIRECTOR/DELEGATED OFFICIAL"
"100176","1144251216","PALM BEACH GARDENS MEDICAL CENTER","PALM BEACH GARDENS MEDICAL CENTER","3360 BURNS RD",,"PALM BEACH GARDENS","FL","33410","PALM BEACH","U","5616221411","5616947160","Acute Care Hospitals","Proprietary","Yes","C3JV379MEWWMHRWW","MR.","CRAIG","C.","ARMIN",,,"VP OF GOVT PROGRAMS, TENET"
"100223","1033164926","FORT WALTON BEACH MEDICAL CENTER","FORT WALTON BEACH MEDICAL CENTER","1000 MAR-WALT DR",,"FORT WALTON BEACH","FL","32547","OKALOOSA","U","8508621111","8508629149","Acute Care Hospitals","Proprietary","Yes","3CALIO3I1MMMH6RP8W",,"VINCE",,"WYATT",,,"CFO"
"100230","1063495836","MEMORIAL HOSPITAL PEMBROKE","MEMORIAL HOSPITAL PEMBROKE","7800 SHERIDAN ST",,"PEMBROKE PINES","FL","33024","BROWARD","U","9549629650","9546022850","Acute Care Hospitals","Government - Hospital District or Authority","Yes","AJVICF30YJMMZ6R8MWW",,"MELISSA","ANN","BURNS",,,"DIRECTOR"
"100253","1295721090","JUPITER MEDICAL CENTER","JUPITER MEDICAL CENTER","1210 S OLD DIXIE HWY",,"JUPITER","FL","33458","PALM BEACH","U","5617472234",,"Acute Care Hospitals","Voluntary non-profit - Private","Yes","KOY0F4FCCLBJMH8HZPRWW",,"JOHN","D.","COURIS",,,"PRESIDENT/CEO"
"100281","1134102080","MEMORIAL HOSPITAL WEST","MEMORIAL HOSPITAL WEST","703 N FLAMINGO RD",,"PEMBROKE PINES","FL","33028","BROWARD","U","9544365000","9546022850","Acute Care Hospitals","Government - Hospital District or Authority","Yes","C3B2VF1ILSVWM6Z8MWW",,"MELISSA","ANN","BURNS",,,"DIRECTOR"
"100291","1801320718","MELBOURNE REGIONAL MEDICAL CENTER","MELBOURNE REGIONAL MEDICAL CENTER","250 NORTH WICKHAM ROAD",,"MELBOURNE","FL","32935","BREVARD","U","3217521200",,"Acute Care Hospitals","Proprietary","Yes","C31IYQGFOVMP8PWN8W",,"JOHN",,"DOYLE",,,"CFO"
"100292","1558391771","SACRED HEART HOSPITAL ON THE EMERALD COAST","SACRED HEART HOSPITAL ON THE EMERALD COAST","7800 US HWY 98 W",,"MIRAMAR BEACH","FL","32550","WALTON","U","8502783600","8502783010","Acute Care Hospitals","Voluntary non-profit - Other","Yes","OZNKOYJ7MMZ6MPP8W","MS.","COBA","SUSAN","CORNEJO",,,"COO"
"100299","1730179714","LAKEWOOD RANCH MEDICAL CENTER","LAKEWOOD RANCH MEDICAL CENTER","8330 LAKEWOOD RANCH BLVD",,"BRADENTON","FL","34202","MANATEE","U","9417822100",,"Acute Care Hospitals","Proprietary","Yes","CUL9YGV3CBBO0QILMWWZ8M8RW",,"STEVE",,"FILTON",,,"CFO, SENIOR VP"
"100320","1912246786","POINCIANA MEDICAL CENTER","POINCIANA MEDICAL CENTER","325 CYPRESS PKWY",,"KISSIMMEE","FL","34758","OSCEOLA","U","4075302000","4075183616","Acute Care Hospitals","Proprietary","Yes","KOQDJJ03DKGP8WZP6RW",,"GLENN",,"ROMIG",,,"CFO"
"110006","1083710982","ST MARY'S HOSPITAL","ST MARY'S HOSPITAL","1230 BAXTER STREET",,"ATHENS","GA","30606","CLARKE","U","7063893930","7063893951","Acute Care Hospitals","Voluntary non-profit - Private","Yes","AJ30A4I9MW8HEMEMW",,"D. MONTEZ",,"CARTER",,,"PRESIDENT & CEO"
"110008","1225050396","NORTHSIDE HOSPITAL CHEROKEE","NORTHSIDE HOSPITAL CHEROKEE","450 NORTHSIDE CHEROKEE BOULEVARD",,"CANTON","GA","30115","CHEROKEE","U","7702441000",,"Acute Care Hospitals","Voluntary non-profit - Other","Yes","00QB30YG0CFJYA3BVMPRPHHMW","MS.","DEBORAH","S.","MITCHAM",,,"VP FINANCE/CFO"
"110027","1326304486","TY COBB REGIONAL MEDICAL CENTER, LLC","TY COBB REGIONAL MEDICAL CENTER, LLC","367 CLEAR CREEK PARKWAY",,"LAVONIA","GA","30553","FRANKLIN","R","7063567800","7062451937","Acute Care Hospitals","Voluntary non-profit - Private","Yes","KOQDQ3G3I0LG6EWWPPMW",,"DEANNA","L","PEARSON",,,"BUSINESS OFFICE MANAGER"
"110031","1972535318","WELLSTAR SPALDING REGIONAL HOSPITAL","WELLSTAR SPALDING REGIONAL HOSPITAL","601 SOUTH 8TH STREET",,"GRIFFIN","GA","30223","SPALDING","U","7702282721","7709992489","Acute Care Hospitals","Proprietary","Yes","AJZJHMEW88MW","MR.","ANTHONY","J","BUDZINSKI",,,"EVP & CHIEF FINANCIAL OFFICER"
"110054","1154377166","FLOYD MEDICAL CENTER","FLOYD MEDICAL CENTER","304 TURNER MCCALL BLVD P O BOX 233",,"ROME","GA","30162","FLOYD","U","7065096900","7065096001","Acute Care Hospitals","Government - Hospital District or Authority","Yes","DCUL9LLIGG130V37ARMW8EHMW","MR.","KURT",,"STUENKEL",,,"PRESIDENT AND CEO"
"110069","1962435792","HOUSTON MEDICAL CENTER","HOUSTON MEDICAL CENTER","1601 WATSON BOULEVARD",,"WARNER ROBINS","GA","31093","HOUSTON","U","4789224281","4783225174","Acute Care Hospitals","Voluntary non-profit - Private","Yes","CUL9VBJAIOHMEHWNMHW","MR.","SEAN",,"WHILDEN",,,"CFO"
"110153","1891808499","PERRY HOSPITAL","PERRY HOSPITAL","1120 MORNINGSIDE DR",,"PERRY","GA","31069","HOUSTON","U","4789873600","4783225174","Acute Care Hospitals","Voluntary non-profit - Private","Yes","3C0CFJ2VFV3B1M8HHNEMHW","MR.","SEAN",,"WHILDEN",,,"CHIEF FINANCIAL OFFICER"
"120011","1396813861","KAISER FOUNDATION HOSPITAL","KAISER FOUNDATION HOSPITAL","3288 MOANALUA RD",,"HONOLULU","HI","96819","HONOLULU","U","8084320000",,"Acute Care Hospitals","Voluntary non-profit - Private","Yes","C3I7LIVIB1ZZ8WNHZEN",,"DANIEL","N.","SHAW",,,"CHIEF FINANCIAL OFFICER"
"140010","1093755340","NORTHSHORE UNIVERSITY HEALTHSYSTEM - EVANSTON HOSPITAL","NORTHSHORE UNIVERSITY HEALTHSYSTEM - EVANSTON HOSPITAL","2650 RIDGE AVE",,"EVANSTON","IL","60201","COOK","U","8474328000","8475705240","Acute Care Hospitals","Voluntary non-profit - Other","Yes","UI2C3MPE8HM8ME","MR.","DOUGLAS","D","WELDAY",,,"CFO"
"140011","1205992781","SOUTHERN ILLINOIS HOSPITAL SERVICES DBA HERRIN HOSPITAL","HERRIN HOSPITAL","201 S 14TH ST",,"HERRIN","IL","62948","WILLIAMSON","U","6189422171","6183514904","Acute Care Hospitals","Voluntary non-profit - Private","Yes","AJRHJHM8ZRN8E","MR.","JOHN","M","CHANEY",,"RPH","DIRECTOR OF PHARMACY"
"140012","1023003720","KATHERINE SHAW BETHEA HOSPITAL","KATHERINE SHAW BETHEA HOSPITAL","403 E 1ST ST",,"DIXON","IL","61021","LEE","R","8152885531",,"Acute Care Hospitals","Voluntary non-profit - Private","Yes","AJH0WMRH8MHE","MR.","VERNON",,"FARRELL",,,"VICE PRESIDENT OF FINANCE"
"140043","1902854623","CGH MEDICAL CENTER","CGH MEDICAL CENTER","100 EAST LEFEVRE ROAD",,"STERLING","IL","61081","WHITESIDE","R","8156250400","8156252747","Acute Care Hospitals","Government - Local","Yes","C303U0S0L0MMHHZMHE","MS.","KIMBERLY","A","VELAZQUEZ",,,"ASSISTANT DIRECTOR PATIENT ACCOUNTS"
"140093","1427000884","OSF SACRED HEART MEDICAL CENTER","OSF SACRED HEART MEDICAL CENTER","812 N LOGAN AVE",,"DANVILLE","IL","61832","VERMILION","U","2174435000","2174772761","Acute Care Hospitals","Voluntary non-profit - Church","Yes","UIVI2BLV8HZ8WZHE",,"PAULA",,"CAMPBELL",,,"SYSTEM FINANCE OFFICER"
"140101","1295882793","MORRIS HOSPITAL & HEALTHCARE CENTERS","MORRIS HOSPITAL & HEALTHCARE CENTERS","150 W HIGH ST",,"MORRIS","IL","60450","GRUNDY","R","8159422932","8159423154","Acute Care Hospitals","Voluntary non-profit - Private","Yes","AJY2FYOMPHMPRME",,"MARK",,"STEADHAM",,"CEO","CEO"
"140223","1164539730","ADVOCATE LUTHERAN GENERAL HOSPITAL","ADVOCATE LUTHERAN GENERAL HOSPITAL","1775 DEMPSTER ST",,"PARK RIDGE","IL","60068","COOK","U","8477232210",,"Acute Care Hospitals","Voluntary non-profit - Church","Yes","AJ30AJD10CP66HZEMME",,"RICK",,"FLOYD",,,"PRESIDENT - LGH"
"140242","1003864810","CENTRAL DUPAGE HOSPITAL","CENTRAL DUPAGE HOSPITAL","25 NORTH WINFIELD ROAD",,"WINFIELD","IL","60190","DU PAGE","U","6306821600",,"Acute Care Hospitals","Voluntary non-profit - Private","Yes","C3CL0FSVFOVP8MNHME",,"LUKE",,"MCGUINNESS",,,"PRESIDENT AND CEO"
"140252","1053704577","NORTHWEST COMMUNITY HOSPITAL 1","NORTHWEST COMMUNITY HOSPITAL 1","800 W CENTRAL ROAD",,"ARLINGTON HEIGHTS","IL","60005","COOK","U","8476181000","8476185009","Acute Care Hospitals","Voluntary non-profit - Private","Yes","C3LI3AV0GOMMZPMMME","MR.","STEPHEN",,"SCOGNA",,,"CHIEF EXECUTIVE OFFICER"
"150007","1598737082","COMMUNITY HOWARD REGIONAL HEALTH INC.","COMMUNITY HOWARD REGIONAL HEALTH INC.","3500 S LAFOUNTAIN ST",,"KOKOMO","IN","46902","HOWARD","U","7657768000","7654538087","Acute Care Hospitals","Voluntary non-profit - Private","Yes","AJVFIAV7BSILJMMPW8MNER","MR.","JAMES","P.","ALENDER",,,"PRESIDENT & CHIEF EXECUTIVE OFFICER"
"150011","1114013646","MARION GENERAL HOSPITAL","MARION GENERAL HOSPITAL","441 N WABASH AVE",,"MARION","IN","46952","GRANT","R","7656606000","7656517351","Acute Care Hospitals","Voluntary non-profit - Private","Yes","UIYJI9IOVHRR8PNER","MR.","PAUL",,"USHER",,,"CEO"
"150074","1336119478","COMMUNITY HOSPITAL EAST","COMMUNITY HOSPITAL EAST","1500 N RITTER AVE",,"INDIANAPOLIS","IN","46219","MARION","U","3173555411",,"Acute Care Hospitals","Voluntary non-profit - Private","Yes","UI30AAF3VMMPHNH8ER","MR.","JOSEPH",,"KESSLER",,,"CHIEF FINANCIAL OFFICER"
"150113","1265551063","COMMUNITY HOSPITAL OF ANDERSON AND MADISON COUNTY","COMMUNITY HOSPITAL OF ANDERSON AND MADISON COUNTY","1515 N MADISON AVE",,"ANDERSON","IN","46011","MADISON","U","7652984242","7652985800","Acute Care Hospitals","Voluntary non-profit - Private","Yes","UIVBJFCI1VPHPHHHMER",,"JOHN",,"HARRIS",,,"VP FINANCE CFO"
"150128","1235109778","COMMUNITY HOSPITAL SOUTH, INC.","COMMUNITY HOSPITAL SOUTH, INC.","1402 E COUNTY LINE RD S",,"INDIANAPOLIS","IN","46227","MARION","U","3178877000","3173517862","Acute Care Hospitals","Voluntary non-profit - Private","Yes","JC30VFLKAV7BG08MRH688ER","MR.","JOSEPH",,"KESSER",,,"CHIEF FINANCIAL OFFICER"
"150169","1619163854","COMMUNITY HOSPITAL NORTH","COMMUNITY HOSPITAL NORTH","7150 CLEARVISTA DR",,"INDIANAPOLIS","IN","46256","MARION","U","3176215335",,"Acute Care Hospitals","Voluntary non-profit - Private","Yes","3CIAJFU3I0LGMPH6EP8ER","MR.","JOSEPH",,"KESSLER",,,"CHIEF FINANCIAL OFFICER"
"160045","1083708226","ST LUKES HOSPITAL","ST LUKES HOSPITAL","1026 A AVE NE",,"CEDAR RAPIDS","IA","52402","LINN","U","3193697211",,"Acute Care Hospitals","Voluntary non-profit - Private","Yes","0VUIIE8MH8MR8P","MR.","MILTON","E","AUNAN",,,"CFO"
"160079","1467639062","MERCY MEDICAL CENTER - CEDAR RAPIDS","MERCY MEDICAL CENTER - CEDAR RAPIDS","701 10TH STREET SE",,"CEDAR RAPIDS","IA","52403","LINN","U","3193986011","3193986912","Acute Care Hospitals","Voluntary non-profit - Church","Yes","0JAJMHHM6WMR8P","MR.","TIMOTHY","L","CHARLES",,,"PRESIDENT AND CEO"
"170122","1962015123","VIA CHRISTI HOSPITAL-WICHITA","VIA CHRISTI HOSPITAL-WICHITA","929 NORTH ST FRANCIS STREET",,"WICHITA","KS","67214","SEDGWICK","U","3162685000",,"Acute Care Hospitals","Voluntary non-profit - Church","Yes","AJJFGVI3SAJVN8NRH86E",,,,,,,
"170123","1093752172","WESLEY MEDICAL CENTER","WESLEY MEDICAL CENTER","550 N HILLSIDE STREET",,"WICHITA","KS","67214","SEDGWICK","U","3169622000","3166887093","Acute Care Hospitals","Proprietary","Yes","AJ0CFJLLFYVMPPRH86E",,"BRADLEY","K","SCHULTZ",,,"CFO"
"170200","1992729180","VIA CHRISTI HOSPITAL WICHITA ST TERESA, INC","VIA CHRISTI HOSPITAL WICHITA ST TERESA, INC","14800 WEST ST TERESA",,"WICHITA","KS","67235","SEDGWICK","U","3167967800","3167730406","Acute Care Hospitals","Voluntary non-profit - Church","Yes","IJ030AAJOMMZRHPW86E",,,,,,,
"180035","1467492421","ST ELIZABETH EDGEWOOD","ST ELIZABETH EDGEWOOD","1 MEDICAL VILLAGE DRIVE",,"EDGEWOOD","KY","41017","KENTON","U","8593012000","8595785980","Acute Care Hospitals","Voluntary non-profit - Church","Yes","3C2LULIGFC01H6HMHR",,"LORI",,"RITCHEY-BALDWIN",,,"CFO"
"180088","1023014206","NORTON HOSPITALS, INC","NORTON HOSPITALS, INC","200 EAST CHESTNUT STREET",,"LOUISVILLE","KY","40202","JEFFERSON","U","5026298000",,"Acute Care Hospitals","Voluntary non-profit - Private","Yes","AJA7VAJ0YG0MM88M8MR","MR.","MICHAEL","W","GOUGH",,,"SENIOR VP/CFO"
"190020","1225290638","LANE REGIONAL MEDICAL CENTER","LANE REGIONAL MEDICAL CENTER","6300 MAIN STREET",,"ZACHARY","LA","70791","E. BATON ROUGE","U","2256584000","2256584297","Acute Care Hospitals","Government - Hospital District or Authority","Yes","AJVFI1MMWEHN6M6",,"LARRY","R","MEESE",,,"CHIEF EXECUTIVE OFFICER"
"190098","1235618109","OCHSNER LSU HEALTH SHREVEPORT","OCHSNER LSU HEALTH SHREVEPORT","1541 KINGS HIGHWAY",,"SHREVEPORT","LA","71103","CADDO","U","3186755000","3186757531","Acute Care Hospitals","Voluntary non-profit - Private","Yes","KOYJ2VFQHRPHWMHH6","MR.","VERNON",,"MOORE",,,"CFO"
"190111","1295821775","WILLIS KNIGHTON MEDICAL CENTER, INC","WILLIS KNIGHTON MEDICAL CENTER, INC","2600 GREENWOOD ROAD",,"SHREVEPORT","LA","71103","CADDO","U","3182124000",,"Acute Care Hospitals","Voluntary non-profit - Private","Yes","C3CBBOV0032MME8WMHH6","MR.","TIMOTHY","EDWIN","FRANCIS",,"MASTER OF SCIENCE, C","CRNA"
"190146","1306133483","EAST JEFFERSON GENERAL HOSPITAL","EAST JEFFERSON GENERAL HOSPITAL","4200 HOUMA BLVD",,"METAIRIE","LA","70006","JEFFERSON","U","5044544000","5044544860","Acute Care Hospitals","Government - Hospital District or Authority","Yes","CUL9I17BYMM8REMMM6","MR.","JAMES",,"REVELS",,,"DIRECTOR"
"191300","1013068808","ST HELENA PARISH HOSPITAL","ST HELENA PARISH HOSPITAL","16874 HIGHWAY 43",,"GREENSBURG","LA","70441","ST. HELENA","U","2252226111","2252226743","Critical Access Hospitals","Government - Hospital District or Authority","Yes","WRKOYR6ZEHHRRM6",,"NAVEED",,"AWAN",,,"CEO/ADMINISTRATOR"
"191316","1588648315","POINTE COUPEE GENERAL HOSPITAL","POINTE COUPEE GENERAL HOSPITAL","2202 FALSE RIVER DRIVE",,"NEW ROADS","LA","70760","POINTE COUPEE","U","2253686386","2256385846","Critical Access Hospitals","Government - Hospital District or Authority","Yes","3CUF30JLIS8M88ME6M6","MR.","CHAD","E","OLINDE",,,"ADMINISTRATOR"
"191318","1952565335","RIVERLAND MEDICAL CENTER","RIVERLAND MEDICAL CENTER","1700  WALLACE BLVD",,"FERRIDAY","LA","71334","CONCORDIA","R","3187576551","3187578632","Critical Access Hospitals","Government - Hospital District or Authority","Yes","CUL90GILLIOMM6HRWWH6",,"SAMUEL","B","ELLARD",,,"ADMINISTRATOR"
"200024","1073651576","CENTRAL MAINE MEDICAL CENTER","CENTRAL MAINE MEDICAL CENTER","300 MAIN STREET",,"LEWISTON","ME","04240","ANDROSCOGGIN","U","2077950111",,"Acute Care Hospitals","Voluntary non-profit - Private","Yes","AJVFI1MMWMR8RM",,"SUE",,"MORIN",,,"REGIONAL MGR PHYSICIAN PRAC. SUPPOR"
"201306","1205991122","RUMFORD  HOSPITAL","RUMFORD  HOSPITAL","420 FRANKLIN STREET",,"RUMFORD","ME","04276","OXFORD","R","2073691000",,"Critical Access Hospitals","Proprietary","Yes","AJVFLQVI3SM8RE68RM",,"SUE",,"MORIN",,,"REGIONAL MANAGER PHYSICIAN PRACTICE"
"230021","1134220031","LAKELAND HOSPITAL, ST JOSEPH","LAKELAND HOSPITAL, ST JOSEPH","1234 NAPIER AVENUE",,"ST JOSEPH","MI","49085","BERRIEN","U","2699838300","2694280490","Acute Care Hospitals","Voluntary non-profit - Private","Yes","UI30FDIVRW8HPZMNR","MR.","PAUL",,"KONOPACKI",,,"VP FINANCE/CFO"
"230029","1003129248","ST JOSEPH MERCY OAKLAND","ST JOSEPH MERCY OAKLAND","44405 WOODWARD AVE",,"PONTIAC","MI","48341","OAKLAND","U","2488583000",,"Acute Care Hospitals","Voluntary non-profit - Private","Yes","UIC3IOCBBOPMRRRHRWZR","DR.","QURATULAIN",,"DURRANI",,"M.D.","RESIDENT"
"230035","1326282260","SPECTRUM HEALTH UNITED HOSPITAL","SPECTRUM HEALTH UNITED HOSPITAL","615 S BOWER STREET",,"GREENVILLE","MI","48838","MONTCALM","R","6167544691","6162259052","Acute Care Hospitals","Voluntary non-profit - Other","No","AJ30OB9JPHEZWZZR","MR.","RYAN","K","JOHNSON",,,"VP, FINANCE"
"230041","1528031226","MCLAREN BAY REGION","MCLAREN BAY REGION","1900 COLUMBUS AVE",,"BAY CITY","MI","48708","BAY","U","9898943000","9898918172","Acute Care Hospitals","Voluntary non-profit - Private","Yes","UIJ7917LBGMMNHZM6ZR",,"DANIELLE","C","JACKS PORTER",,,"VP/CFO"
"230046","1629001169","UNIVERSITY OF MICHIGAN HEALTH SYSTEM","UNIVERSITY OF MICHIGAN HEALTH SYSTEM","1500 E MEDICAL CENTER DRIVE, SPC 5474",,"ANN ARBOR","MI","48109","WASHTENAW","U","7347641505",,"Acute Care Hospitals","Voluntary non-profit - Private","Yes","R6RPGDJ3CDJBY0MMPHNMHZR",,"DAVID","CHRISTOPHER","MILLER",,,"PRESIDENT"
"230069","1093748642","SAINT JOSEPH MERCY LIVINGSTON HOSPITAL","SAINT JOSEPH MERCY LIVINGSTON HOSPITAL","620 BYRON RD",,"HOWELL","MI","48843","LIVINGSTON","U","5175456000",,"Acute Care Hospitals","Voluntary non-profit - Other","Yes","C3VB3K9M8EWRZZR",,"MICHAEL",,"GUSHO",,,"REGIONAL VP BUS & SYS DEVEL"
"230092","1053403402","HENRY FORD ALLEGIANCE HEALTH","HENRY FORD ALLEGIANCE HEALTH","205 N EAST AVE",,"JACKSON","MI","49201","JACKSON","U","5177884800","5172057419","Acute Care Hospitals","Voluntary non-profit - Other","Yes","UI0VPM8HM8NR","MR.","KEVIN","M.","LEONARD",,,"VP FINANCE"
"230151","1154363406","BEAUMONT HOSPITAL - FARMINGTON HILLS","BEAUMONT FARMINGTON HILLS","28050 GRAND RIVER AVENUE",,"FARMINGTON HILLS","MI","48336","OAKLAND","U","2484718000","2484718887","Acute Care Hospitals","Voluntary non-profit - Private","Yes","UIUF3CVI32MPMZ8EWWZR",,"CAROLYN","S.","WILSON",,,"EVP & COO"
"230156","1104021815","ST JOSEPH MERCY HOSPITAL","ST JOSEPH MERCY HOSPITAL","5301 E HURON RIVER DR",,"ANN ARBOR","MI","48106","WASHTENAW","U","7347123456",,"Acute Care Hospitals","Voluntary non-profit - Church","Yes","3CUF3VB37Y0HMWPEMHZR",,"NANCY",,"SOVA",,,"PHARAMCY COORDINATOR"
"230259","1245244276","ST JOSEPH MERCY CHELSEA","ST JOSEPH MERCY CHELSEA","775 S MAIN ST",,"CHELSEA","MI","48118","WASHTENAW","U","7344753911","7345935365","Acute Care Hospitals","Voluntary non-profit - Private","Yes","AJVFI1JP66ZHHZR",,"SUSAN",,"LOCKARD",,,"SR REVENUE MANAGEMENT ANALYST"
"231338","1548266778","SPECTRUM HEALTH GERBER MEMORIAL","SPECTRUM HEALTH GERBER MEMORIAL","212 S SULLIVAN ST",,"FREMONT","MI","49412","NEWAYGO","R","2319243300","2319241320","Critical Access Hospitals","Voluntary non-profit - Private","Yes","AJVIUFLL7JJ8H88HRNR","MR.","RANDALL","J","STASIK",,,"PRESIDENT AND CEO"
"250007","1689612731","MERIT HEALTH BILOXI","MERIT HEALTH BILOXI","150 REYNOIR STREET",,"BILOXI","MS","39530","HARRISON","U","2284361104",,"Acute Care Hospitals","Proprietary","Yes","AJ3FBVK03MPHMWPNW",,"PAULA","M","LALOR",,,"DIRECTOR/DELEGATED OFFICIAL"
"250019","1447378625","MEMORIAL HOSPITAL AT GULFPORT","MEMORIAL HOSPITAL AT GULFPORT","4500 13TH STREET",,"GULFPORT","MS","39502","HARRISON","U","2288674000","2288653098","Acute Care Hospitals","Government - Local","Yes","AJWHMMPR8MPNW",,"JEFFREY",,"STEINER",,,"VICE PRESIDENT OF FINANCE"
"250040","1124136593","SINGING RIVER HEALTH SYSTEM","SINGING RIVER HEALTH SYSTEM","2809 DENNY AV",,"PASCAGOULA","MS","39581","JACKSON","U","2288095000",,"Acute Care Hospitals","Government - Local","Yes","UIKVV0CNMZ8HZPNW",,"LEE",,"BOND",,,"COO"
"260005","1396814083","SSM ST JOSEPH HEALTH CENTER","SSM ST JOSEPH HEALTH CENTER","300 1ST CAPITOL DR",,"SAINT CHARLES","MO","63301","ST. CHARLES","U","6369475000",,"Acute Care Hospitals","Voluntary non-profit - Private","Yes","3CLBAFDIGHMMWHMWWE","MS.","LISLE",,"WESCOTT",,,"PRESIDENT"
"260023","1386823631","MERCY HOSPITAL JEFFERSON","MERCY HOSPITAL JEFFERSON","1400 US HIGHWAY 61",,"FESTUS","MO","63028","JEFFERSON","U","6369331000","6369331819","Acute Care Hospitals","Voluntary non-profit - Private","Yes","HEKOYJ7MMRHZ8MWE","MR.","DAN",,"ECKENFELS",,,"CHIEF FINANCIAL OFFICER"
"260032","1942497383","BARNES JEWISH HOSPITAL","BARNES JEWISH HOSPITAL","ONE BARNES-JEWISH HOSPITAL PLAZA",,"SAINT LOUIS","MO","63110","ST. LOUIS CITY","U","3147473000",,"Acute Care Hospitals","Voluntary non-profit - Other","Yes","FDJBYYJFO0TJ0V3I90VBMHHWE",,"TERRA",,"MOUSER",,,"MANAGER GRADUATE MEDICAL EDUCATION"
"260104","1053481861","SSM DEPAUL HEALTH CENTER","SSM HEALTH DEPAUL HOSPITAL ST LOUIS","12303 DEPAUL DRIVE",,"BRIDGETON","MO","63044","ST. LOUIS","U","3143446000",,"Acute Care Hospitals","Voluntary non-profit - Private","Yes","3CL7ID0CWMW8HRRMWE","MS.","TINA",,"GARRISON",,,"PRESIDENT"
"260108","1326056193","MISSOURI BAPTIST MEDICAL CENTER","MISSOURI BAPTIST MEDICAL CENTER","3015 N BALLAS RD",,"TOWN AND COUNTRY","MO","63131","ST. LOUIS","U","3149965000","3149963610","Acute Care Hospitals","Voluntary non-profit - Private","Yes","C3JILLI9VPHMWHWHWE","MS.","AMY",,"DESART",,,"VICE PRESIDENT AND CFO"
"260163","1538516851","PARKLAND HEALTH CENTER","PARKLAND HEALTH CENTER","1101 W LIBERTY",,"FARMINGTON","MO","63640","ST. FRANCOIS","R","5734316005","6034212111","Acute Care Hospitals","Voluntary non-profit - Private","Yes","KA309FLOHMHHMREWE",,"JACOB","D","WIESMANN",,,"CFO"
"260176","1013948801","ST LUKE'S DES PERES HOSPITAL","ST LUKE'S DES PERES HOSPITAL","2345 DOUGHERTY FERRY ROAD",,"SAINT LOUIS","MO","63122","ST. LOUIS","U","3149669100","3149669274","Acute Care Hospitals","Proprietary","Yes","C3K3SKA30Y27BCPRW888HWE","MR.","CRAIG","C.","ARMIN",,,"VP OF GOVT PROGRAMS, TENET"
"260180","1033367420","CHRISTIAN HOSPITAL NORTHEAST","CHRISTIAN HOSPITAL NORTHEAST","11133 DUNN ROAD",,"SAINT LOUIS","MO","63136","ST. LOUIS","U","3146535000","3146535582","Acute Care Hospitals","Voluntary non-profit - Private","Yes","C3VV7CWWHHHEWHWE","MS.","ERIKA","DONEL","SCHULZE",,"NP-C","ADULT NURSE PRACTITIONER"
"260193","1487656054","ST MARYS MEDICAL CENTER","ST MARYS MEDICAL CENTER","201 NW R D MIZE RD",,"BLUE SPRINGS","MO","64014","JACKSON","U","8162285900","8169432544","Acute Care Hospitals","Voluntary non-profit - Church","Yes","C30/F1C3OVHM8RHMRE","MR.","STEVE",,"CLEARY",,,"CHIEF FINANCIAL OFFICER"
"260200","1871665380","SSM ST JOSEPH HOSPITAL WEST","SSM ST JOSEPH HOSPITAL WEST","100 MEDICAL PLAZA",,"LAKE SAINT LOUIS","MO","63367","ST. CHARLES","U","6366255200",,"Acute Care Hospitals","Voluntary non-profit - Church","Yes","/LDLIGFC01MMH6EWWE","MS.","LISLE",,"WESCOTT",,,"PRESIDENT"
"270004","1265478291","BILLINGS CLINIC","BILLINGS CLINIC","2800 10TH AVE N",,"BILLINGS","MT","59101","YELLOWSTONE","U","4066574000",,"Acute Care Hospitals","Voluntary non-profit - Private","Yes","VUIMHMMZ8HMHNP",,"CONNIE",,"PREWITT",,,"CFO"
"271347","1396074548","HOLY ROSARY HEALTHCARE","HOLY ROSARY HEALTHCARE","2600 WILSON ST",,"MILES CITY","MT","59301","CUSTER","R","4062332600","4062337134","Critical Access Hospitals","Voluntary non-profit - Private","Yes","AJVBJLFOMME8HMWNP","MR.","PAUL",,"LEWIS",,,"CEO"
"290001","1114199593","RENOWN REGIONAL MEDICAL CENTER","RENOWN REGIONAL MEDICAL CENTER","1155 MILL STREET",,"RENO","NV","89502","WASHOE","U","7759824100",,"Acute Care Hospitals","Voluntary non-profit - Private","Yes","AJL1PPHH8MPNZ",,"CHRISTINE","RANAE","PAGE-O'BRIEN",,,"REGISTERED NURSE"
"290019","1255360160","CARSON TAHOE REGIONAL MEDICAL CENTER","CARSON TAHOE REGIONAL MEDICAL CENTER","1600 MEDICAL PARKWAY",,"CARSON CITY","NV","89703","CARSON CITY","U","7754458000","7754453200","Acute Care Hospitals","Voluntary non-profit - Private","Yes","KOQDLIGFC01MMEHWM6NZ",,"MITCHELL",,"WATSON",,,"CHIEF FINANCIAL OFFICER"
"290032","1477543171","NORTHERN NEVADA MEDICAL CENTER","NORTHERN NEVADA MEDICAL CENTER","2375 E PRATER WAY",,"SPARKS","NV","89434","WASHOE","U","7753317000",,"Acute Care Hospitals","Proprietary","Yes","KIO30AI3D0P6W8RWRNZ",,"STEVE",,"FILTON",,,"CFO, SENIOR VP"
"290049","1720058027","RENOWN SOUTH MEADOWS MEDICAL CENTER","RENOWN SOUTH MEADOWS MEDICAL CENTER","10101 DOUBLE R BLVD",,"RENO","NV","89521","WASHOE","U","7759827063","7759827089","Acute Care Hospitals","Voluntary non-profit - Private","Yes","CUL930L97BCHMHMHH8PNZ",,"ANN","T","BECK",,,"CFO"
"291306","1396799102","CARSON VALLEY MEDICAL CENTER","CARSON VALLEY MEDICAL CENTER","1107 HIGHWAY 395",,"GARDNERVILLE","NV","89410","DOUGLAS","R","7757821500","7757821555","Critical Access Hospitals","Voluntary non-profit - Private","Yes","PNWKOY6MHHMHRNZ","MR.","JEFFREY","K","PRATER",,,"CEO"
"291314","1992765085","SOUTH LYON MEDICAL CENTER","SOUTH LYON MEDICAL CENTER","213 S WHITACRE/PO BOX 940",,"YERINGTON","NV","89447","LYON","R","7757813761",,"Critical Access Hospitals","Government - Hospital District or Authority","Yes","MRN4B9BD03GIAFYOJWH86RRNZ",,"TONI",,"INSERRA",,,"CEO"
"310022","1528064409","VIRTUA WEST JERSEY HOSPITALS","VIRTUA WEST JERSEY HOSPITALS","100 BOWMAN DRIVE",,"VOORHEES","NJ","08043","CAMDEN","U","8562473000","8563552011","Acute Care Hospitals","Voluntary non-profit - Private","Yes","3CVI1OB9MMHWRMZM","MR.","GERRY",,"LOWE",,,"VP FOR FINANCE"
"310032","1104230994","INSPIRA MEDICAL CENTER VINELAND","INSPIRA MEDICAL CENTER VINELAND","1505 W SHERMAN AVE",,"VINELAND","NJ","08360","CUMBERLAND","U","8566418000",,"Acute Care Hospitals","Voluntary non-profit - Private","Yes","UIVI130YJOPMPHMEWZM",,"LYNETTE",,"NEWKIRK",,"BSN, RN","DIRECTOR"
"310057","1134125016","VIRTUA MEMORIAL HOSPITAL OF BURLINGTON COUNTY","VIRTUA MEMORIAL HOSPITAL OF BURLINGTON COUNTY","175 MADISON AVE",,"MOUNT HOLLY","NJ","08060","BURLINGTON","U","6092670700","8563552011","Acute Care Hospitals","Voluntary non-profit - Private","No","UIVBJFCI1P6HMEMZM","MR.","GERRY",,"LOWE",,,"VP FOR FINANCE"
"310061","1285630087","VIRTUA WILLINGBORO HOSPITAL","VIRTUA WILLINGBORO HOSPITAL","218A SUNSET ROAD",,"WILLINGBORO","NJ","08046","BURLINGTON","U","6098352900","6098353061","Acute Care Hospitals","Voluntary non-profit - Private","Yes","C3A0JV7JIZH8ERMZM",,"MARK",,"NESSEL",,,"SVP AND COO LOURDES"
"310086","1992737175","JEFFERSON STRATFORD HOSPITAL","JEFFERSON STRATFORD HOSPITAL","18 EAST LAUREL ROAD",,"STRATFORD","NJ","08084","CAMDEN","U","8563467802","8563466385","Acute Care Hospitals","Voluntary non-profit - Private","Yes","C3L037IL0ZHRZMZM",,,,,,,
"320004","1861450579","GERALD CHAMPION REGIONAL MEDICAL CENTER","GERALD CHAMPION REGIONAL MEDICAL CENTER","2669 SCENIC DRIVE",,"ALAMOGORDO","NM","88310","OTERO","R","5754437845",,"Acute Care Hospitals","Voluntary non-profit - Private","Yes","3CGFV0GJNEE8MHWZZ","MR.","ROBERT","J","HECKERT",,,"CHIEF EXECUTIVE OFFICER"
"320018","1376891010","MEMORIAL MEDICAL CENTER","MEMORIAL MEDICAL CENTER","2450 SOUTH TELSHOR BLVD",,"LAS CRUCES","NM","88011","DONA ANA","U","5755228641","5755324463","Acute Care Hospitals","Proprietary","Yes","CUL93BYJL0AJMPR8HHMZZ","MR.","PAUL",,"TWIST",,,"COLLECTION/SUPERVISOR"
"320030","1437286044","ARTESIA GENERAL HOSPITAL","ARTESIA GENERAL HOSPITAL","702 N 13TH STREET",,"ARTESIA","NM","88210","EDDY","R","5757483333",,"Acute Care Hospitals","Voluntary non-profit - Other","Yes","AJWHV8M6MH8ZZ",,"JOE",,"SALGADO",,,"CHIEF EXECUTIVE OFFICER"
"321305","1063882058","NOR-LEA HOSPITAL DISTRICT","NOR-LEA HOSPITAL DISTRICT","1600 NORTH MAIN AVE",,"LOVINGTON","NM","88260","LEA","R","5753966611","5753961454","Critical Access Hospitals","Government - Hospital District or Authority","Yes","UIVFI1VMMEHME8ZZ","MRS.","KELLI","ELIZABETH","MCCALL",,"FNP","FNP/NURSE PRACTITIONER"
"330057","1265508659","ST PETER'S HOSPITAL","ST PETER'S HOSPITAL","315 SOUTH MANNING BOULEVARD",,"ALBANY","NY","12208","ALBANY","U","5185251550",,"Acute Care Hospitals","Voluntary non-profit - Private","Yes","CUL92VFVVI1JPHWZM88H",,"COURTNEY",,"KNOWLES",,,"CREDENTIALING MANAGER"
"330191","1407969397","GLENS FALLS HOSPITAL","GLENS FALLS HOSPITAL","100 PARK STREET",,"GLENS FALLS","NY","12801","WARREN","U","5189261000","5189261919","Acute Care Hospitals","Voluntary non-profit - Private","Yes","AJQ3IDMMHHMZ8H",,"MITCHELL","J","AMADO",,,"SR. VICE PRESIDENT FINANCE & CFO"
"340001","1093711525","CAROLINAS MEDICAL CENTER-NORTHEAST","CAROLINAS MEDICAL CENTER-NORTHEAST","920 CHURCH ST N",,"CONCORD","NC","28025","CABARRUS","U","7047833000",,"Acute Care Hospitals","Government - Hospital District or Authority","Yes","VAJYG37YGM8NP8MZ8",,"MARK",,"NANTZ",,,"EXECUTIVE VP / CFO"
"340061","1992883268","UNIVERSITY OF NORTH CAROLINA HOSPITAL","UNIVERSITY OF NORTH CAROLINA HOSPITAL","101 MANNING DRIVE",,"CHAPEL HILL","NC","27514","ORANGE","U","9199664141",,"Acute Care Hospitals","Government - State","Yes","3C2VFVVI1HMHRHP68",,,,,,,
"340091","1073714606","MOSES H. CONE MEMORIAL HOSPITAL, THE","MOSES H. CONE MEMORIAL HOSPITAL, THE","1200 N ELM ST",,"GREENSBORO","NC","27401","GUILFORD","U","3368327000",,"Acute Care Hospitals","Voluntary non-profit - Private","Yes","AJ1L0VMM8HHMR68",,"KAREN","E","HILL",,,"PHYSICAL THERAPIST"
"340098","1417432840","CAROLINAS MEDICAL CENTER-PINEVILLE","CAROLINAS MEDICAL CENTER-PINEVILLE","10628 PARK RD",,"CHARLOTTE","NC","28210","MECKLENBURG","U","7043795000","7045126485","Acute Care Hospitals","Government - Hospital District or Authority","Yes","C3Q3IDZ8EMHMH8Z8",,"ANTHONY","C","DEFURIO",,,"EXECUTIVE VICE PRESIDENT/CFO"
"340113","1023362571","CAROLINAS MEDICAL CENTER/BEHAV HEALTH","CAROLINAS MEDICAL CENTER-BEHAV HEALTH","1000 BLYTHE BLVD",,"CHARLOTTE","NC","28203","MECKLENBURG","U","7043552000",,"Acute Care Hospitals","Government - Hospital District or Authority","Yes","CUL90YAKL9MMMHWM8Z8",,"MICHAEL","H.","THOMASON",,"M.D,","DIRECTOR"
"340114","1497797088","REX HOSPITAL","REX HOSPITAL","4420 LAKE BOONE TRAIL",,"RALEIGH","NC","27607","WAKE","U","9197843100","9197843004","Acute Care Hospitals","Government - State","Yes","L3A0VBB9QLM8RR6ME68","MR.","ANDREW","KENNETH","ZUKOWSKI",,,"CFO"
"350011","1528009412","SANFORD MEDICAL CENTER FARGO","SANFORD MEDICAL CENTER FARGO","801 BROADWAY NORTH",,"FARGO","ND","58122","CASS","U","7012342000",,"Acute Care Hospitals","Voluntary non-profit - Private","Yes","VKIOCIB39HMZ88HZP",,"TONY","LEE","MORRISON",,,"VICE PRESIDENT, REVENUE CYCLE"
"360006","1174890669","RIVERSIDE METHODIST HOSPITAL","RIVERSIDE METHODIST HOSPITAL","3535 OLENTANGY RIVER RD",,"COLUMBUS","OH","43214","FRANKLIN","U","6145665000",,"Acute Care Hospitals","Voluntary non-profit - Private","Yes","C3UF3K2VIAV0LBPWPWRH8WR",,"STEVE",,"MARKOVICH",,"MD","PRESIDENT"
"360011","1215935366","MARION GENERAL HOSPITAL","MARION GENERAL HOSPITAL","1000 MCKINLEY PARK DRIVE",,"MARION","OH","43302","MARION","R","7403838400","7403838537","Acute Care Hospitals","Voluntary non-profit - Private","Yes","3CQ3IDK0LVFQG1MMMH8MWWR","MR.","MICHAEL","P","BROWNING",,,"CFO, OHIOHEALTH"
"360017","1255377149","GRANT MEDICAL CENTER","GRANT MEDICAL CENTER","111 SOUTH GRANT AVENUE",,"COLUMBUS","OH","43215","FRANKLIN","U","6145669000","6145444470","Acute Care Hospitals","Voluntary non-profit - Church","Yes","UIAVI32JHHHPH8WR","MR.","MICHAEL","P","BROWNING",,,"CFO, OHIOHEALTH"
"360040","1861097917","KNOX COMMUNITY HOSPITAL","KNOX COMMUNITY HOSPITAL","1330 COSHOCTON ROAD",,"MOUNT VERNON","OH","43050","KNOX","R","7403939000","7403263555","Acute Care Hospitals","Voluntary non-profit - Other","Yes","C3VBAGBYJBGMWWHMPMWR",,"MICHAEL",,"AMBROSIANI",,,"CFA"
"360046","1245216183","MCCULLOUGH-HYDE MEMORIAL HOSPITAL","MCCULLOUGH-HYDE MEMORIAL HOSPITAL","110 NORTH POPLAR STREET",,"OXFORD","OH","45056","BUTLER","R","5135245640","5135245665","Acute Care Hospitals","Voluntary non-profit - Private","Yes","AJ3ILDBDVMHHEPMPR","MR.","BRYAN","D.","HEHEMANN",,"FACHE","PRESIDENT & CEO"
"360098","1356675003","LAKE HEALTH","LAKE HEALTH","7590 AUBURN ROAD",,"CONCORD","OH","44077","LAKE","U","4409539600",,"Acute Care Hospitals","Voluntary non-profit - Private","Yes","C3V3797IMNP666MRR","MR.","ROBERT",,"TRACZ",,,"CFO"
"360134","1245209576","GOOD SAMARITAN HOSPITAL","GOOD SAMARITAN HOSPITAL","375 DIXMYTH AVENUE",,"CINCINNATI","OH","45220","HAMILTON","U","5138629003","5135696513","Acute Care Hospitals","Voluntary non-profit - Church","Yes","UIYAK14FCP6WM88PR",,"CONNIE","S","AYLWARD",,,"MANAGER, PATIENTACCOUNTS"
"360137","1003161100","UNIVERSITY HOSPITALS OF CLEVELAND","UNIVERSITY HOSPITALS OF CLEVELAND","11100 EUCLID AVENUE",,"CLEVELAND","OH","44106","CUYAHOGA","U","2168441000",,"Acute Care Hospitals","Voluntary non-profit - Private","Yes","UICFLG70MMHHHEMHRR",,"JODI","LYNN","ZALEWSKI",,"MSN, CPNP","PEDIATRIC NURSE PRACTITIONER"
"360145","1518966621","UNIVERSITY HOSPITALS - ELYRIA MEDICAL CENTER","UNIVERSITY HOSPITALS - ELYRIA MEDICAL CENTER","630 EAST RIVER STREET",,"ELYRIA","OH","44035","LORAIN","U","4403297500",,"Acute Care Hospitals","Voluntary non-profit - Private","No","AJUF30MWEPWMRR",,"DAVID","A","COOK",,,"VICE PRESIDENT - FINANCE \ CFO"
"360152","1326437369","DOCTORS HOSPITAL","DOCTORS HOSPITAL","5100 WEST  BROAD STREET",,"COLUMBUS","OH","43228","FRANKLIN","U","6145441000",,"Acute Care Hospitals","Voluntary non-profit - Church","Yes","AJCIB39OMMHPZ88WR","DR.","GERALDINE",,"URSE",,"D.O.","DIRECTOR MEDICAL EDUCATION"
"360155","1154353993","SOUTHWEST GENERAL HEALTH CENTER","SOUTHWEST GENERAL HEALTH CENTER","18697 BAGLEY ROAD",,"MIDDLEBURG HEIGHTS","OH","44130","CUYAHOGA","U","4408166701",,"Acute Care Hospitals","Voluntary non-profit - Private","Yes","C3K0L2I96NEZHMWHRR",,"KELLY",,"LINSON",,,"VP/CFO"
"360163","1225573769","CHRIST HOSPITAL","CHRIST HOSPITAL","2139 AUBURN AVENUE",,"CINCINNATI","OH","45219","HAMILTON","U","5135852000","5132631584","Acute Care Hospitals","Voluntary non-profit - Private","Yes","UIV3797INWH8NH8PR","MR.","TED",,"SCHERPENBERG",,,"CFO"
"360172","1245274950","MERCY REGIONAL MEDICAL CENTER","MERCY REGIONAL MEDICAL CENTER","3700 KOLBE ROAD",,"LORAIN","OH","44053","LORAIN","U","4409604000","4409603359","Acute Care Hospitals","Voluntary non-profit - Private","Yes","C309LBQMM6WWPMRR","MR.","EDWIN","M.","OLEY",,,"PRESIDENT & CEO"
"360179","1982863577","BETHESDA NORTH","BETHESDA NORTH","10500 MONTGOMERY ROAD",,"CINCINNATI","OH","45242","HAMILTON","U","5138655544","5138437945","Acute Care Hospitals","Voluntary non-profit - Church","Yes","C3K301B2AVB1MMPMH8R8PR","DR.","GEORGE","FRANKLIN","WELSH",,"M.D.","OWNER"
"360210","1235174327","GRADY MEMORIAL HOSPITAL","GRADY MEMORIAL HOSPITAL","561 WEST CENTRAL AVENUE",,"DELAWARE","OH","43015","DELAWARE","U","7403685145","7406151015","Acute Care Hospitals","Voluntary non-profit - Private","Yes","UILI3AV0GOHEPPHMWR","MR.","MICHAEL","P","BROWNING",,,"CFO, OHIOHEALTH"
"360234","1740368851","MERCY HEALTH - WEST HOSPITAL","MERCY HEALTH - WEST HOSPITAL","3300 MERCY HEALTH BLVD",,"CINCINNATI","OH","45211","HAMILTON","U","5132155000","5132150962","Acute Care Hospitals","Voluntary non-profit - Private","Yes","CUL9YALI0YKG301MMWWHH8PR","MR.","MICHAEL",,"KRAMER",,,"MARKET LEADER & PRESIDENT WEST"
"360348","1801937008","DUBLIN METHODIST HOSPITAL","DUBLIN METHODIST HOSPITAL","7500 HOSPITAL AVENUE",,"DUBLIN","OH","43016","FRANKLIN","U","6145448000","6145444470","Acute Care Hospitals","Voluntary non-profit - Private","Yes","UILIAFDJBYMMP6EHMWR","MR.","MICHAEL","P","BROWNING",,,"CFO, OHIOHEALTH"
"370008","1720055627","NORMAN REGIONAL","NORMAN REGIONAL","901 N PORTER",,"NORMAN","OK","73070","CLEVELAND","U","4053071050","4053071076","Acute Care Hospitals","Government - Hospital District or Authority","Yes","30A3BDVHMNM6MW6","MR.","LARRY","R","SPLITT",,,"INTERIM CEO"
"370016","1902913999","INTEGRIS BASS BAPTIST HEALTH CENTER","INTEGRIS BASS BAPTIST HEALTH CENTER","600 SOUTH MONROE",,"ENID","OK","73701","GARFIELD","R","5802332300",,"Acute Care Hospitals","Voluntary non-profit - Private","Yes","0B3VB1JMMEHM6W6",,"CHARLES","BRUCE","LAWRENCE",,,"PRESIDENT/CEO"
"370056","1154364719","COMANCHE COUNTY MEMORIAL HOSPITAL","COMANCHE COUNTY MEMORIAL HOSPITAL","3401 WEST GORE BLVD",,"LAWTON","OK","73505","COMANCHE","U","5803558620","5805855453","Acute Care Hospitals","Government - Hospital District or Authority","Yes","CUL903B2OHMRWPMPW6","MR.","RANDALL",,"SEGLER",,,"CEO"
"380004","1053636126","PROVIDENCE ST VINCENT MEDICAL CENTER","PROVIDENCE ST VINCENT MEDICAL CENTER","9205 SW BARNES ROAD",,"PORTLAND","OR","97225","WASHINGTON","U","5032162213",,"Acute Care Hospitals","Voluntary non-profit - Private","Yes","C3J0V3I9OJPM8NP886N","MS.","LINDA",,"BRYANT",,"MP","NURSE MANAGER"
"380009","1992968887","OHSU HOSPITAL AND CLINICS","OHSU HOSPITAL AND CLINICS","3181 SW SAM JACKSON PARK ROAD",,"PORTLAND","OR","97239","MULTNOMAH","U","5034946245","5034947829","Acute Care Hospitals","Voluntary non-profit - Other","Yes","Q3IDVBJQGIT1IJOJHZHWNW86N",,,,,,,
"380021","1073817714","TUALITY COMMUNITY HOSPITAL","TUALITY COMMUNITY HOSPITAL","335 SE 8TH AVENUE",,"HILLSBORO","OR","97123","WASHINGTON","U","5036811111",,"Acute Care Hospitals","Voluntary non-profit - Private","Yes","UIZ0JPWWW8H6N","MS.","MEREDITH",,"PETERSON",,,"DIRECTOR OF FINANCE"
"380025","1255354700","LEGACY MOUNT HOOD MEDICAL CENTER","LEGACY MOUNT HOOD MEDICAL CENTER","24800 SE STARK STREET",,"GRESHAM","OR","97030","MULTNOMAH","U","5036741122","5034133212","Acute Care Hospitals","Voluntary non-profit - Private","Yes","AJQ3IAJ0JMMZR8MWM6N",,"SARAH",,"JENSEN",,,"INTERIM CFO"
"380038","1639108434","PROVIDENCE WILLAMETTE FALLS MEDICAL CENTER","PROVIDENCE WILLAMETTE FALLS MEDICAL CENTER","1500 DIVISION STREET",,"OREGON CITY","OR","97045","CLACKAMAS","U","5036576915","5036506883","Acute Care Hospitals","Voluntary non-profit - Private","Yes","AJVBFJFUFCMMPHPRM6N","MR.","JASON",,"METCALF",,,"REVENUE CYCLE DIRECTOR"
"380061","1003991845","PROVIDENCE PORTLAND MEDICAL CENTER","PROVIDENCE PORTLAND MEDICAL CENTER","4805 NE GLISAN STREET",,"PORTLAND","OR","97213","MULTNOMAH","U","5032151111","5032150297","Acute Care Hospitals","Voluntary non-profit - Private","Yes","AJVIJFL20VPMZRWH86N","MR.","DONALD","W","ANDERSON","JR.",,"ASST SEC FOR ENROLL/DIR REIMB ADMIN"
"380082","1215168711","PROVIDENCE MILWAUKIE HOSPITAL","PROVIDENCE MILWAUKIE HOSPITAL","10150 SE 32ND AVENUE",,"MILWAUKIE","OR","97222","CLACKAMAS","U","5035138336",,"Acute Care Hospitals","Voluntary non-profit - Church","No","UI8W0JMPHMH8886N","DR.","EVON","CHINYERE","ANUKAM",,"PHARMD","PHARMACIST"
"390046","1083918122","YORK HOSPITAL","YORK HOSPITAL","1001 SOUTH GEORGE STREET",,"YORK","PA","17403","YORK","U","7178512345","7178513469","Acute Care Hospitals","Voluntary non-profit - Private","Yes","AJ023B02JHMMHWMR6H","DR.","JAMES","T","AMSTERDAM",,"M.D.","MEDICAL DIRECTOR"
"390065","1265466957","GETTYSBURG HOSPITAL","GETTYSBURG HOSPITAL","147 GETTYS STREET",,"GETTYSBURG","PA","17325","ADAMS","U","7173342121","7173374142","Acute Care Hospitals","Voluntary non-profit - Other","Yes","AJJKAA026RHP8W6H",,"MICHAEL",,"COGLIANO",,,"VP OPERATIONS"
"390138","1083780894","WAYNESBORO HOSPITAL","WELLSPAN WAYNESBORO HOSPITAL","501 EAST MAIN ST",,"WAYNESBORO","PA","17268","FRANKLIN","R","7177654000",,"Acute Care Hospitals","Voluntary non-profit - Private","Yes","AJVFI10HMPZE86H",,"PATRICK",,"ODONNELL",,,"PRESIDENT"
"390151","1588608053","CHAMBERSBURG HOSPITAL","CHAMBERSBURG HOSPITAL","112 NORTH SEVENTH STREET",,"CHAMBERSBURG","PA","17201","FRANKLIN","U","7172673000","7177096529","Acute Care Hospitals","Voluntary non-profit - Private","Yes","AJ6V8HHHM86H",,"PATRICK",,"O'DONNELL",,,"PRESIDENT"
"390164","1013100734","UPMC PRESBYTERIAN SHADYSIDE","UPMC PRESBYTERIAN SHADYSIDE","200 LOTHROP STREET",,"PITTSBURGH","PA","15213","ALLEGHENY","U","4126478788",,"Acute Care Hospitals","Voluntary non-profit - Private","Yes","AJDB3YABLMM8WH8PH","DR.","STASA","D","TADIC",,"M.D.","ASSISTANT PROFESSOR"
"390328","1225323983","UPMC EAST","UPMC EAST","2775 MOSSIDE BOULEVARD",,"MONROEVILLE","PA","15146","ALLEGHENY","U","4123573000","4123723024","Acute Care Hospitals","Voluntary non-profit - Private","Yes","CUL90CFJJB1P668ERHPH","MRS.","LAURENE",,"TIMMONS",,,"CFO"
"391303","1326044694","FULTON COUNTY MEDICAL CENTER","FULTON COUNTY MEDICAL CENTER","214 PEACH ORCHARD ROAD",,"MCCONNELLSBURG","PA","17233","FULTON","R","7174853155",,"Critical Access Hospitals","Voluntary non-profit - Private","Yes","C3YG3BYGI0DRH8WW86H",,"NICK",,"MEZZA",,,"CFO"
"420009","1295188704","PRISMA HEALTH OCONEE MEMORIAL HOSPITAL","PRISMA HEALTH OCONEE MEMORIAL HOSPITAL","102B OMNI DR",,"SENECA","SC","29672","OCONEE","R","8644823100",,"Acute Care Hospitals","Voluntary non-profit - Private","Yes","3CFV1B98MH86EN8",,"POLLY","H.","MILLER",,,"VP PAYOR STRATEGIES & ALIGNMENT"
"420018","1154373843","PRISMA HEALTH RICHLAND HOSPITAL","PRISMA HEALTH RICHLAND HOSPITAL","5 MEDICAL PARK",,"COLUMBIA","SC","29203","RICHLAND","U","8032962548","8032962548","Acute Care Hospitals","Proprietary","Yes","Q3IDLIGFC01PWM8N8",,"POLLY","H","MILLER",,,"VP PAYOR STRATEGIES ALIGNMENT"
"420033","1598716060","PRISMA HEALTH GREER MEMORIAL HOSPITAL","PRISMA HEALTH GREER MEMORIAL HOSPITAL","830 SOUTH BUNCOMBE ROAD",,"GREER","SC","29650","GREENVILLE","U","8648488200","8647976198","Acute Care Hospitals","Voluntary non-profit - Private","Yes","C3091BGV79JMWZMPEN8",,"MICHAEL","C.","RIORDAN",,,"PRESIDENT / CEO"
"420037","1447706569","PRISMA HEALTH HILLCREST HOSPITAL","PRISMA HEALTH HILLCREST HOSPITAL","741 SOUTH EAST MAIN STREET",,"SIMPSONVILLE","SC","29681","GREENVILLE","U","8644546100",,"Acute Care Hospitals","Voluntary non-profit - Private","Yes","AJVFI10JHR6HZEN8",,"POLLY","H.","MILLER",,,"VP PAYOR STRATEGIES & ALIGNMENT"
"420049","1134172000","CONWAY MEDICAL CENTER","CONWAY MEDICAL CENTER","300 SINGLETON RIDGE ROAD",,"CONWAY","SC","29526","HORRY","U","8433478037","8433478056","Acute Care Hospitals","Voluntary non-profit - Private","Yes","C32C3VBA0L2VFJMMWE8PN8",,"BRET",,"BARR",,,"CEO"
"420078","1962958066","PRISMA HEALTH ROGER C. PEACE REHABILITATION HOSPITAL","PRISMA HEALTH GREENVILLE MEMORIAL HOSPITAL","905 VERDAE BLVD SUITE 102",,"GREENVILLE","SC","29605","GREENVILLE","U","8644557000",,"Acute Care Hospitals","Voluntary non-profit - Private","Yes","8MHCUL90IC30UPMNPMEN8",,"POLLY","H.","MILLER",,,"VP PAYOR STRATEGIES & ALIGNMENT"
"420079","1124443478","TRIDENT MEDICAL CENTER","TRIDENT MEDICAL CENTER","9330 MEDICAL PLAZA DR",,"CHARLESTON","SC","29406","CHARLESTON","U","8438474100","8438474086","Acute Care Hospitals","Proprietary","Yes","3C/LDLIGFC01MWWNEMRN8",,"ANDY","S.","MILLER",,,"CFO"
"420102","1124574223","PRISMA HEALTH  PATEWOOD HOSPITAL","PRISMA HEALTH  PATEWOOD HOSPITAL","175 PATEWOOD DRIVE",,"GREENVILLE","SC","29615","GREENVILLE","U","8647971000",,"Acute Care Hospitals","Voluntary non-profit - Private","No","3CCBBO0AIDP6HPHEN8",,"POLLY","H.","MILLER",,,"VP PAYOR STRATEGIES & ALIGNMENT"
"440091","1255428736","MEMORIAL HEALTHCARE SYSTEM, INC","MEMORIAL HEALTHCARE SYSTEM, INC","2525 DESALES AVE",,"CHATTANOOGA","TN","37404","HAMILTON","U","4234952525","4234956312","Acute Care Hospitals","Voluntary non-profit - Church","Yes","UIJ0LIJ0CP8P8RMR6W",,"MICHAEL",,"SUTTON",,,"VICE PRESIDENT, FINANCE"
"450021","1134129851","BAYLOR UNIVERSITY MEDICAL CENTER","BAYLOR UNIVERSITY MEDICAL CENTER","3500 GASTON AVE",,"DALLAS","TX","75246","DALLAS","U","2148200111","2148204283","Acute Care Hospitals","Voluntary non-profit - Church","Yes","UIVBAJI2MMPWER8P6",,"STEVEN",,"NEWTON",,,"CEO"
"450042","1093708679","PROVIDENCE HEALTH CENTER","PROVIDENCE HEALTH CENTER","6901 MEDICAL PARKWAY",,"WACO","TX","76712","MC LENNAN","U","2547514000","2547514283","Acute Care Hospitals","Voluntary non-profit - Private","Yes","KOQDLIGFC01HMNE8H6E6","MR.","CRAIG",,"CORDOLA",,,"CEO"
"450044","1285798918","UT SOUTHWESTERN UNIVERSITY HOSPITAL - WILLIAM P. CLEMENTS JR.","UT SOUTHWESTERN UNIVERSITY HOSPITAL - WILLIAM P. CLEMENTS JR.","6201 HARRY HINES BLVD",,"DALLAS","TX","75390","DALLAS","U","2146335555","2146338410","Acute Care Hospitals","Government - State","Yes","CUL9J0VFYK33IYHM8EMNWP6",,"MARK","ALAN","MEYER",,,"CFO"
"450079","1104822915","BAYLOR SCOTT & WHITE MEDICAL CENTER AT IRVING","BAYLOR SCOTT & WHITE MEDICAL CENTER AT IRVING","1901 N MACARTHUR BLVD",,"IRVING","TX","75061","DALLAS","U","9725798100","9725795290","Acute Care Hospitals","Voluntary non-profit - Private","Yes","CUL937YA3IGI1VHMNHHEMP6",,"CINDY",,"SCHAMP",,,"CEO"
"450289","1144255548","HARRIS HEALTH SYSTEM","HARRIS HEALTH SYSTEM","2525 HOLLY HALL",,"HOUSTON","TX","77054","HARRIS","U","7135666417",,"Acute Care Hospitals","Government - Hospital District or Authority","Yes","LLIYKLLBYP8P8RPM66",,,,,,,
"450462","1114079142","TEXAS HEALTH PRESBYTERIAN HOSPITAL DALLAS","TEXAS HEALTH PRESBYTERIAN HOSPITAL DALLAS","8200 WALNUT HILL LANE",,"DALLAS","TX","75231","DALLAS","U","2143456789","2143457046","Acute Care Hospitals","Voluntary non-profit - Private","Yes","VLLYA7VLIOMM8ZHW8P6",,"DAVID","CHARLES","SALSBERRY",,,"CHIEF REVENUE OFFICER"
"450610","1538382239","MEMORIAL HERMANN MEMORIAL CITY HOSPITAL","MEMORIAL HERMANN MEMORIAL CITY HOSPITAL","921 GESSNER",,"HOUSTON","TX","77024","HARRIS","U","7132423000","7133384158","Acute Care Hospitals","Voluntary non-profit - Private","Yes","30VJJ02H8NR8M66","MR.","DENNIS",,"LARAWAY",,,"CFO"
"450684","1295843787","MEMORIAL HERMANN NORTHEAST HOSPITAL","MEMORIAL HERMANN NORTHEAST HOSPITAL","18951 MEMORIAL NORTH",,"HUMBLE","TX","77338","HARRIS","U","2815407700","7133384158","Acute Care Hospitals","Voluntary non-profit - Private","Yes","VLIF3B101HPNZHZWW66","MR.","DENNIS",,"LARAWAY",,,"CFO"
"450723","1275592131","METHODIST CHARLTON MEDICAL CENTER","METHODIST CHARLTON MEDICAL CENTER","3500 W WHEATLAND ROAD",,"DALLAS","TX","75237","DALLAS","U","2149477777",,"Acute Care Hospitals","Voluntary non-profit - Private","Yes","C3CVILAI0YOOMMPW6W8P6",,"CRAIG","ALLEN","BJERKE",,,"EXECUTIVE VP & CFO"
"450771","1073664116","TEXAS HEALTH PRESBYTERIAN HOSPITAL PLANO","TEXAS HEALTH PRESBYTERIAN HOSPITAL PLANO","6200 W PARKER RD",,"PLANO","TX","75093","COLLIN","U","9729818000","9729818111","Acute Care Hospitals","Voluntary non-profit - Private","Yes","C330Q3IDOMM8EWNMP6",,"DAVID","CHARLES","SALSBERRY",,,"CHIEF REVENUE OFFICER"
"450822","1619295508","MEDICAL CITY LAS COLINAS","MEDICAL CITY LAS COLINAS","6800 N MACARTHUR BLVD",,"IRVING","TX","75039","DALLAS","U","9729692000","9729692080","Acute Care Hospitals","Proprietary","Yes","CUL937YA3IGI1VMMZENWMP6",,"STEPHEN",,"TROCHESSET",,,"CFO"
"490007","1215024617","SENTARA NORFOLK GENERAL HOSPITAL","SENTARA NORFOLK GENERAL HOSPITAL","600 GRESHAM DR",,"NORFOLK","VA","23507","NORFOLK CITY","U","7573883000","7573881202","Acute Care Hospitals","Voluntary non-profit - Other","Yes","3C1IYJ032MME6MPW8","MR.","ROBERT","A","BROERMANN",,,"SR VP/CFO"
"490009","1093094302","UNIVERSITY OF VIRGINIA MEDICAL CENTER","UNIVERSITY OF VIRGINIA MEDICAL CENTER","1215 LEE STREET",,"CHARLOTTESVILLE","VA","22908","CHARLOTTESVILLE CITY","U","8002513627","4349820788","Acute Care Hospitals","Government - State","Yes","AJ00LPH8HZMN88",,"STEPHANIE",,"BROWN",,,"CERTIFICATION OFFICIAL"
"490024","1033102942","CARILION MEDICAL CENTER","CARILION MEDICAL CENTER","1906 BELLEVIEW AVENUE, SE",,"ROANOKE","VA","24014","ROANOKE CITY","U","5409817000",,"Acute Care Hospitals","Voluntary non-profit - Private","Yes","0JUIO0FU0LL09EMNHRHMR8","MRS.","REBECCA","M","HUNTER",,,"DIRECTOR, PROFESSIONAL BILLING"
"500005","1396199824","VIRGINIA MASON MEDICAL CENTER","VIRGINIA MASON MEDICAL CENTER","925 SENECA ST",,"SEATTLE","WA","98101","KING","U","2062236600",,"Acute Care Hospitals","Voluntary non-profit - Private","Yes","AJIG0V0JP8NHMHZN","MR.","RAY","LEE","JOHNSON",,"CCP","CLINICAL PERFUSIONIST"
"500026","1023006061","SWEDISH EDMONDS HOSPITAL","SWEDISH EDMONDS HOSPITAL","21601 76TH AVENUE WEST",,"EDMONDS","WA","98026","SNOHOMISH","U","4256404000","4256404432","Acute Care Hospitals","Voluntary non-profit - Private","Yes","OUIE6HMEH8E8MZN","MR.","GARY",,"WANGSMO",,,"CFO"
"500027","1053843094","SWEDISH MEDICAL CENTER","SWEDISH MEDICAL CENTER","747 BROADWAY",,"SEATTLE","WA","98122","KING","U","2063866000",,"Acute Care Hospitals","Voluntary non-profit - Private","Yes","KIOCIB396R688HZN","DR.","ELIZABETH",,"BOROCK",,"MD","PRESIDENT SEPS"
"500050","1548734205","PEACEHEALTH SOUTHWEST MEDICAL CENTER","PEACEHEALTH SOUTHWEST MEDICAL CENTER","400 NE MOTHER JOSEPH PLACE",,"VANCOUVER","WA","98668","CLARK","U","3602562000","3605143185","Acute Care Hospitals","Voluntary non-profit - Private","Yes","LDYD0JBT30YAB10VMMRZEEZN",,"KIMBERLY","A","HODGKINSON",,,"EVP/CFO"
"500058","1790319580","KADLEC REGIONAL MEDICAL CENTER","KADLEC REGIONAL MEDICAL CENTER","888 SWIFT BLVD",,"RICHLAND","WA","99352","BENTON","U","5099464611",,"Acute Care Hospitals","Voluntary non-profit - Private","Yes","CUL9ASFOJZZZ8PWNN","MR.","DONALD","WAYNE","ANDERSON","JR.",,"ASST SEC FOR ENROLLMENT/DIR REIMB S"
"500088","1619209574","VALLEY MEDICAL CENTER","VALLEY MEDICAL CENTER","400 S 43RD ST",,"RENTON","WA","98055","KING","U","4252283450","4256565565","Acute Care Hospitals","Government - Hospital District or Authority","Yes","AJWRJMMRPPMZN",,"LARRY",,"SMITH",,,"SENIOR VICE PRESIDENT FINANCE/CFO"
"530014","1275916660","CHEYENNE REGIONAL MEDICAL CENTER","CHEYENNE REGIONAL MEDICAL CENTER","214 EAST 23RD STREET",,"CHEYENNE","WY","82001","LARAMIE","U","3076337600",,"Acute Care Hospitals","Voluntary non-profit - Other","Yes","AJW80RH8HMM8Z",,"JOANN",,"BOURLIER-CHILDRESS",,"PA","MID-LEVEL PROVIDER"
"531305","1265469506","PLATTE COUNTY MEMORIAL HOSPITAL","PLATTE COUNTY MEMORIAL HOSPITAL","201 14TH STREET",,"WHEATLAND","WY","82201","PLATTE","R","3073223636","3073223399","Critical Access Hospitals","Government - Local","Yes","AJRHHM8HM88Z",,"MATTHEW",,"COX",,,"VP FINANCE"
"670005","1366532228","MEMORIAL HERMANN SURGICAL HOSPITAL KINGWOOD","MEMORIAL HERMANN SURGICAL HOSPITAL KINGWOOD","300 KINGWOOD MEDICAL DRIVE",,"KINGWOOD","TX","77339","HARRIS","U","2813124000","2813582461","Acute Care Hospitals","Proprietary","Yes","3CLIGFC01CBBO2VFQMMWNWW66",,"MELINDA",,"ELLER",,,"OFFICER / AUTHORIZED OFFICIAL"
