﻿CCN,NPI,EIN,HospitalName,Address1,Address2,City,State,ZIP Code,County,Phone,Fax,Beds,BedDaysAvail,InternsAndResidents,PayrollEmployees,NonPaidWorkers,TotalDischarges,MedicareDischarges,MedicaidDischarges,Vol_Gastrointestinal,Vol_Eye,Vol_Nervous_system,Vol_Musculoskeletal,Vol_Skin,Vol_Genitourinary,Vol_Cardiovascular,Vol_Respiratory,Vol_Other,PN,FN,MN,LN,SN,Title,Cred,Teaching Hospital,HospitalType,HospitalOwnership,ParentOrgLBN,EmergencyService,CoLoCode,Bathroom cleanliness,Communication from Nurses,Communication from Doctors,Patient received help quickly on request,Quality of pain control,Medications were explained before giving,Patient received instruction on at-home recovery,Patient understood care when leaving hospital,Patient's overall hospital rating,Area around room was quiet at night,Patient would recommend hospital,Hospital summary star rating,HlthSysID,HlthSysName,MSA/CBSA,Population,Rural/Urban,Placekey,FacilityType
140012,1023003720,361000540,KATHERINE SHAW BETHEA HOSPITAL,403 E 1ST ST,,DIXON,IL,61021,LEE,8152885531,,66,24090,8.27,763.09,,2750,985,117,2145,181,153,2929,3186,455,136,77,21,,AUSTIN,BRUCE,FRAZIER,,CFO,,Y,ACUTE CARE HOSPITALS,VOLUNTARY NON-PROFIT - PRIVATE,,Yes,AJH0WMRH8MHE,4,2,3,3,,3,3,3,3,2,3,3,HSI00000539,Katherine Shaw Bethea Hospital,19940,23745,R,222-225@5sb-svw-ty9,HOSPITAL
360112,1316186315,344428250,MERCY ST VINCENT MEDICAL CENTER,2213 CHERRY STREET,,TOLEDO,OH,43608,LUCAS,4192513232,4192512109,311,113515,168.82,2306.17,,19510,3134,548,2218,2,45,407,1942,1088,883,197,34,MR.,JEFFREY,A,DEMPSEY,,PRESIDENT MERCY HEALTH ST VINCENT,,Y,ACUTE CARE HOSPITALS,VOLUNTARY NON-PROFIT - CHURCH,,Yes,AJK330YGWH88ZMEWR,2,3,3,3,,3,4,3,3,3,3,3,HSI00000661,Mercy Health,45780,16515,U,zzw-222@63j-rpg-pqf,HOSPITAL
11032F,,,MARTIN ACH (FT BENNING),7950 MARTIN LOOP,,FORT BENNING,GA,31905,CHATTAHOOCHEE,7624082604,,,,,,,,,,,,,,,,,,,,,,,,,,,ACUTE CARE HOSPITAL-DOD,DEPARTMENT OF DEFENSE,,Yes,DBBLVFA3I1MPN6PMNHW,4,3,4,4,,4,3,3,3,5,3,4,,,17980,16044,U,222-222@8gn-j7n-pgk,HOSPITAL
17002F,,,IRWIN ACH (FT RILEY),600 CAISSON HILL ROAD,,FORT RILEY,KS,66442,GEARY,7852397000,,,,,,,,,,,,,,,,,,,,,,,,,,,ACUTE CARE HOSPITAL-DOD,DEPARTMENT OF DEFENSE,,Yes,C3LYVBJJFIGMME8RREE,4,4,4,4,,4,4,4,4,4,4,4,,,31740,14283,R,222-222@5r4-nmf-2tv,HOSPITAL
410012,1487649430,050258905,THE MIRIAM HOSPITAL,164 SUMMIT AVENUE,,PROVIDENCE,RI,02906,PROVIDENCE,4017932500,4014445462,246,89790,79.16,2483.74,,17449,4653,375,2601,750,103,759,316,545,112,32,133,,DAVID,A,KIRSHNER,,EXECUTIVE VP AND CFO,,Y,ACUTE CARE HOSPITALS,VOLUNTARY NON-PROFIT - PRIVATE,LIFESPAN CORPORATION,Yes,UIA1JREHEMN8M,3,4,3,2,,3,4,3,4,2,4,3,HSI00000585,Lifespan,39300,28387,U,222-222@62k-jhq-zxq,HOSPITAL
371312,1225284771,,ASCENSION ST JOHN SAPULPA,1004 EAST BRYAN,,SAPULPA,OK,74066,CREEK,9182244280,9182246290,25,9125,,115.1,,466,144,67,,,,,,,,,,MRS.,DONNA,SUE,NAGEL,,DIRECTOR OF OPERATIONS,,,CRITICAL ACCESS HOSPITALS,VOLUNTARY NON-PROFIT - PRIVATE,,Yes,VIK390RMMHEEMR6,,,,,,,,,,,,,HSI00000055,Ascension Health,46140,31060,U,zzw-225@5r7-f4b-8y9,HOSPITAL
391312,1164490660,,PENN HIGHLANDS BROOKVILLE,100 HOSPITAL ROAD,,BROOKVILLE,PA,15825,JEFFERSON,8148492312,8148494841,25,9125,,113.35,,383,163,,215,72,0,6,14,410,12,6,1,MS.,JULIANNE,,PEER,,PRESIDENT,,,CRITICAL ACCESS HOSPITALS,VOLUNTARY NON-PROFIT - PRIVATE,PENN HIGHLANDS HEALTHCARE,Yes,C3LIAFDJBYMMHP8ZPH,,,,,,,,,,,,4,HSI00000819,Penn Highlands Healthcare,,9562,R,zzw-222@63p-gry-4y9,HOSPITAL
501312,1013956259,,PROSSER MEMORIAL HOSPITAL,723 MEMORIAL STREET,,PROSSER,WA,99350,BENTON,5097862222,5097866612,25,9125,,276.1,,1398,321,117,,,,,,,,,,,CRAIG,,MARKS,,CEO,,,CRITICAL ACCESS HOSPITALS,GOVERNMENT - HOSPITAL DISTRICT OR AUTHORITY,PROSSER PUBLIC HOSPITAL DISTRICT OF BENTON CO.,Yes,AJLIF3B101W86MPWNN,5,4,5,4,,4,4,4,4,4,5,4,,,28420,12979,R,zzw-222@5wd-425-575,HOSPITAL
102312,1699874248,,SHANDS HOSPITAL - PEDIATRIC DIALYSIS,1600 SW ARCHER ROAD,,GAINESVILLE,FL,32610,ALACHUA,3522650265,3526279049,,,,,,,,,,,,,,,,,,MR.,JAMES,,KELLY,JR.,CEO,,,DIALYSIS FACILITY,NON-PROFIT,,,C330YG3IOJMMEHMHE8W,,,,,,,,,,,,,,,23540,0,U,zzw-227@8gq-5ss-tsq,OTHER MEDICAL FACILITY
332312,1326046467,,BROOKLYN HOSPITAL CENTER,121 DEKALB AVENUE,DIALYSIS UNIT-2W,BROOKLYN,NY,11201,KINGS,7182508160,7184883719,,,,,,,,,,,,,,,,,,MRS.,BERNADETTE,,SELBY,,DIRECTOR OF PATIENT ACCOUNTING,,,DIALYSIS FACILITY,NON-PROFIT,,,UI9LIQ0CH8HHM8HH,,,,,,,,,,,,2,,,35620,51128,U,zzw-224@627-s8y-7wk,OTHER MEDICAL FACILITY
287112,1760464283,,BROWN COUNTY HOSPITAL HOME HEALTH,945 EAST ZERO STREET,,AINSWORTH,NE,69210,BROWN,4023872016,4023872804,,,,,,,,,,,,,,,,,,,MIRYA,,HALLOCK,,CEO,,,HOME HEALTH AGENCY,GOVERNMENT - STATE/COUNTY,,,AJB30/0PRNMH8NE,,,,,,,,,,,,,,,,2484,R,223-222@5p2-wcd-zj9,OTHER MEDICAL FACILITY
043300,1972189694,710236857,ARKANSAS CHILDREN'S HOSPITAL,"1 CHILDREN'S WAY, SLOT 301",,LITTLE ROCK,AR,72202,PULASKI,5013641100,5013642438,324,118260,159.1,3098,,10123,84,3679,,,,,,,,,,,SHERYL,,PHILLIPS,,SR. BILLING/SYSTEMS MANAGER,,Y,CHILDRENS,VOLUNTARY NON-PROFIT - PRIVATE,ARKANSAS CHILDREN'S HOSPITAL,Yes,HMWABLJKIOJV03CLFYGH8M886,,,,,,,,,,,,,HSI00000050,Arkansas Childrens Hospital,30780,9978,U,zzy-222@5ps-jc5-59f,HOSPITAL
053301,1003961251,940382330,UCSF BENIOFF CHILDREN'S HOSPITAL OAKLAND,747 52ND STREET,,OAKLAND,CA,94609,ALAMEDA,5104283000,5104283840,190,69592,100.02,2130.24,,7373,16,2539,,,,,,,,,,MS.,COLLEEN,,REID,,CONTROLLER,CPA,Y,CHILDRENS,VOLUNTARY NON-PROFIT - PRIVATE,,Yes,AJ8P6R6NMERN,,,,,,,,,,,,,HSI00001168,UC Health,41860,20596,U,224-227@5vg-7fm-hqz,HOSPITAL
052861,1356453153,,FMC DIALYSIS SERVICES SOUTH ORANGE COUNTY,2020 E 1ST ST,,SANTA ANA,CA,92705-4015,ORANGE,7149721236,7149721470,,,,,,,,,,,,,,,,,,,BARRY,L.,BLANTON,,VICE PRESIDENT,,,CHRONIC DIALYSIS CLINIC,,"FRESENIUS MEDICAL CARE HOLDINGS, INC.",,AJH0M8M8PM68N,,,,,,,,,,,,,,,,,,227-222@5z4-rsk-whq,OTHER MEDICAL FACILITY
557712,1427044544,,TOP CARE HOME HEALTH,9683 TIERRA GRANDE STREET STE 201,,SAN DIEGO,CA,92126,SAN DIEGO,8586952101,8586952208,,,,,,,,,,,,,,,,,,MR.,GABRIEL,INOCENCIO,PERPETUA,SR.,ADMINISTRATOR / PRESIDENT / CEO,,,HOME HEALTH AGENCY,PROPRIETARY,,,M8AJ0CVI32I330FAWZENE8H8N,,,,,,,,,,,,,,,41740,73343,U,22h@5z5-pxg-hyv,OTHER MEDICAL FACILITY
559312,1093360976,,FIRST AMERICAN HOME HEALTH INC,"436 W COLORADO STREET, SUITE 213",,GLENDALE,CA,91204,LOS ANGELES,3236488626,,,,,,,,,,,,,,,,,,,,ALLA,,PETROSYAN,,CEO,,,HOME HEALTH AGENCY,PROPRIETARY,,,WH8AJBGOEWRRM8HN,,,,,,,,,,,,,,,31080,16032,U,23h@5z5-3qh-wrk,OTHER MEDICAL FACILITY
241512,1104136142,,PARK NICOLLET METHODIST HOSPITAL,6500 EXCELSIOR BOULEVARD,,SAINT LOUIS PARK,MN,55426,HENNEPIN,9529936087,,,,,,,,,,,,,,,,,,,,TED,,SPOONER,,CT SURGERY,MD,,HOSPICE,NON-PROFIT,,,CUL93BFJL0G40MMPEE8RPP,,,,,,,,,,,,,,,33460,24945,U,zzw-222@5pb-ksn-rx5,OTHER MEDICAL FACILITY
751512,1518108950,,"BLUE HEAVEN HOSPICE & PALLIATIVE CARE, INC","16200 VENTURA BLVD, SUITE 306",,ENCINO,CA,91436,LOS ANGELES,6266280826,6266280827,,,,,,,,,,,,,,,,,,MR.,EDWARD,,JOUHARYAN,I,ADMINISTRATOR,,,HOSPICE,FOR-PROFIT,,,EMWCUL9I37AV0UMM8EHEWRHN,,,,,,,,,,,,,,,31080,14372,U,25f-222@5z4-zfk-mp9,OTHER MEDICAL FACILITY
052582,1992700314,,SAINT VINCENTS DIALYSIS CENTER,201 S ALVARADO ST,,LOS ANGELES,CA,90057-2388,LOS ANGELES,2134847289,2132075640,,,,,,,,,,,,,,,,,,,ALICE,M,KIRCHNER,,DIRECTOR DIALYSIS SERVICES,"RN, MHA",,CHRONIC DIALYSIS CLINIC,,,,AJBCI3IULIJHM86PMMN,,,,,,,,,,,,,,,,,,227@5z5-3qr-ffz,OTHER MEDICAL FACILITY
14T289,1053481630,,THE REHABILITATION CENTER ANDERSON HOSPITAL,6800 STATE ROUTE 162,,MARYVILLE,IL,62062,MADISON,502596,6182884088,,,,,,,,,,,,,,,,,,MR.,KEITH,ALLEN,PAGE,,PRESIDENT CEO,,,REHABILITATION,,,,8EH0A30AIAJMMZE8EM8E,,,,,,,,,,,,,,,41180,7658,U,zzw-222@5pj-596-bff,OTHER MEDICAL FACILITY
252012,1528289592,,SELECT SPECIALTY HOSPITAL BELHAVEN,1225 N STATE ST,,JACKSON,MS,39202,HINDS,6019731697,,,,,,,,,,,,,,,,,,,,GREGORY,M,DUCKETT,,SR VP/ CLO,,,HOSPITAL,,BAPTIST MEMORIAL HEALTH CARE CORP.,,AJ0AIAJVP88H8M8NW,,,,,,,,,,,,,,,27140,8411,U,224@8f6-sjb-rff,HOSPITAL
06T012,1306857974,,ST. MARY-CORWIN MEDICAL CENTER IRF,1008 MINNEQUA AVE.,,PUEBLO,CO,81004,PUEBLO,7195575149,3037656670,,,,,,,,,,,,,,,,,,,TADD,,RICHERT,,GROUP VP FINANCE,,,INPATIENT REHABILITATION,NON-PROFIT,CATHOLIC HEALTH INITIATIVES COLORADO,,UII7X0VVF1ZMMHRMMHZ,,,,,,,,,,,,,,,39380,25540,U,zzw-226@5q7-yxh-zpv,HOSPITAL
34T107,1932659281,,VIDANT EDGECOMB REHAB UNIT,111 HOSPITAL DRIVE,,TARBORO,NC,27886,EDGECOMBE,252641,,,,,,,,,,,,,,,,,,,,MARY,ANN,TAYLOR,,MEDICAL STAFF COORDINATOR,,,REHABILITATION,,,,3CLIAFDJBYHHHEZZ68,,,,,,,,,,,,,,,40580,21591,R,222-222@646-kt7-bff,OTHER MEDICAL FACILITY
556545,1477667525,,HERITAGE PHYSICAL THERAPY,540 PERDEW AVE,,RIDGECREST,CA,93555-2596,KERN,7604463611,7604465811,,,,,,,,,,,,,,,,,,,JANNA,P.,KING,,"VP,AUTHORIZED OFFICIAL",JD,,REHABILITATION CLINIC,,,,UIO0C30DMRPPPPWN,,,,,,,,,,,,,,,,,,222@5z8-kb3-vs5,OTHER MEDICAL FACILITY
556517,,,BEAR VALLEY PHYSICAL THERAPY & SPORTS REHAB.,"41945 BIG BEAR BLVD, SUITE 209",,BIG BEAR LAKE,CA,92315,SAN BERNARDINO,,,,,,,,,,,,,,,,,,,,,,,,,,,,REHABILITATION CLINIC,,,,NM8CUL93I092F9PRNHRPHW8N,,,,,,,,,,,,,,,40140,5094,R,222-223@5z4-q5x-8qf,OTHER MEDICAL FACILITY
15T112,1104998624,,COLUMBUS REGIONAL HOSPITAL,2400 EAST 17TH ST,,COLUMBUS,IN,47201,BARTHOLOMEW,8123765699,8123765963,,,,,,,,,,,,,,,,,,MR.,MARLENE,A,WEATHERWAX,,CFO VP OF FINANCIAL SERVICES,,,INPATIENT REHABILITATION,GOVERNMENT,,,AJ6H0MMR8HM86R,,,,,,,,,,,,,,,18020,41662,U,zzw-222@5py-djc-4gk,HOSPITAL
27T012,1730196817,,BENEFIS HEALTH SYSTEM,500 15TH AVE SO.,,GREAT FALLS,MT,59405,CASCADE,4064555000,,,,,,,,,,,,,,,,,,,MR.,FORREST,G,EHLINGER,,CFO FOR BENEFIS HEALTH SYSTEMS,,,INPATIENT REHABILITATION,NON-PROFIT,,,JUIPHMMPPMRNP,,,,,,,,,,,,,,,24500,31438,U,222-22d@5sv-mdn-rkz,HOSPITAL
55G412,1790875441,,MARGARET'S HOME,24091 VIA LUISA,,MISSION VIEJO,CA,92691-4324,ORANGE,9497688951,9499161646,,,,,,,,,,,,,,,,,,,LILIBETH,DIZON,ORTIZ,,VICE PRESIDENT/ADMINISTRATOR,RN,,INTERMEDIATE CARE FACILITY,,,,IJF7LIFUHNMR8HNE8N,,,,,,,,,,,,,,,,,,228@5z4-qhh-3kf,OTHER MEDICAL FACILITY
55G612,1982839320,,BUEN TIEMPO DRIVE,846 BUEN TIEMPO DR,,CHULA VISTA,CA,91910-6502,SAN DIEGO,8008660860,,,,,,,,,,,,,,,,,,,,DEENA,,OMBRES,,PRIVACY OFFICER,,,INTERMEDIATE CARE FACILITY,,,,3CBD10FAV079ERZMHNHN,,,,,,,,,,,,,,,,,,22c@5z5-wmp-skf,OTHER MEDICAL FACILITY
012012,1336146141,,"NOLAND HOSPITAL TUSCALOOSA II, LLC","809 UNIVERSITY BOULEVARD EAST, 4TH FLOOR",,TUSCALOOSA,AL,35401,TUSCALOOSA,2057597241,2057505420,32,11680,,37.8,,234,148,,,,,,,,,,,MS.,BARBARA,E.,ESTEP,,DIRECTOR OF REGULATORY AFFAIRS,,,LONG TERM CARE,NON-PROFIT,,,LSR0CUL9UFV7NMZHMRPW,,,,,,,,,,,,,,,46220,39878,U,222@8gn-9sg-nkf,HOSPITAL
102012,1508031055,,PAM HEALTH SPECIALTY HOSPITAL OF JACKSONVILLE,4901 RICHARD ST,,JACKSONVILLE,FL,32207,DUVAL,9044250500,,107,39055,,60.2,,217,104,,,,,,,,,,,,KEVIN,,MCKEOWN,,CFO,,,LONG TERM CARE,FOR PROFIT,,,AJC3IYGF3HMNR6M88W,,,,,,,,,,,,,,,27260,33306,U,222-222@8gp-46d-ygk,HOSPITAL
192012,1639160799,,CHRISTUS DUBUIS HOSPITAL OF ALEXANDRIA,3330 MASONIC DR,,ALEXANDRIA,LA,71301,RAPIDES,3184484960,4692821791,25,9125,,38,,251,155,4,,,,,,,,,,,MONTE,,WILSON,,CEO,,,LONG TERM CARE,FOR PROFIT,,,3CGFVBJI1MWWWHMWH6,,,,,,,,,,,,,,,10780,22859,U,zzw-22c@8dx-f2b-v9f,HOSPITAL
051812,1164552931,,ALVISO HEALTH CENTER,1621 GOLD STREET,,ALVISO,CA,95002,SANTA CLARA,4089353933,4089353988,,,,,,,,,,,,,,,,,,,CHRISTINA,,CORNELL,,SUPERVISOR,,,PRIMARY CARE CLINIC,,,,AJCLB2H8EH8MMPN,,,,,,,,,,,,,,,41940,2077,U,222-222@5vh-b5q-v2k,OTHER MEDICAL FACILITY
058912,1710172242,,RIVERSIDE HEALTH CLINIC OF COLUSA INC,717 BRIDGE ST,,COLUSA,CA,95932-2851,COLUSA,5304582300,5304585558,,,,,,,,,,,,,,,,,,,SANJIV,K,MIDHA,,PHYSICIAN,M.D.,,PRIMARY CARE CLINIC,,,,AJ2396H68WNPN,,,,,,,,,,,,,,,,,,229@5vg-xnz-zvf,OTHER MEDICAL FACILITY
194112,1184044430,,BEACON BEHAVIORAL HOSPITAL - CENTRAL,"323 EVERGREEN STREET, SUITE B",,BUNKIE,LA,71322,AVOYELLES,3183463143,3182954017,18,6570,,96,,817,64,,,,,,,,,,,MR.,PHILLIP,SEAN,WENDELL,,CEO,,,PSYCHIATRIC HOSPITAL,PROPRIETARY,,No,9AJV003230U0W8W88WH6,,,,,,,,,,,,,HSI00000098,Beacon Health System,,6969,R,222-223@8dx-h92-rff,HOSPITAL
244012,1962448654,,COMMUNITY BEHAVIORAL HEALTH HOSPITAL ALEXANDRIA,1610 8TH AVENUE EAST,,ALEXANDRIA,MN,56308,DOUGLAS,3203356201,2168319931,16,5840,,128731,,106,18,69,,,,,,,,,,MS.,RITU,,CHATTREE,,CEO,,,PSYCHIATRIC HOSPITAL,GOVERNMENT - STATE,,No,0UIZMHEHZMWEP,,,,,,,,,,,,,,,10820,23961,R,222-222@5p7-2g3-gp9,HOSPITAL
384012,1528231826,,CEDAR HILLS HOSPITAL,10300 SW EASTRIDGE STREET,,PORTLAND,OR,97225,WASHINGTON,5039445000,9403840402,98,35770,,207.1,,3101,363,,,,,,,,,,,,STEVE,,FILTON,,SR VP CFO,,,PSYCHIATRIC HOSPITAL,PROPRIETARY,,No,AJ02CF3AJI0OJMMWMHP886N,,,,,,,,,,,,,HSI00001148,Universal Health Services,38900,24176,U,222-223@5xc-khn-bkz,HOSPITAL
056412,1093890253,,NORTHRIDGE CARE CENTER,7836 RESEDA BLVD,,RESEDA,CA,91335,LOS ANGELES,8188817414,8187742256,97,,,,,,,,,,,,,,,,,MR.,DAVID,,FRIEDMAN,,PRESIDENT,,,SNF OR NURSING HOME,FOR PROFIT - CORPORATION,,,CUL9IC0J03EWZ6PWWHN,,,,,,,,,,,,1,,,31080,74363,U,223-222@5z4-zk7-mtv,OTHER MEDICAL FACILITY
555312,1942281936,,WHITE MEMORIAL MEDICAL CTR DP,1720 CESAR E. CHAVEZ AVENUE,,LOS ANGELES,CA,90033,LOS ANGELES,3232685000,3232655070,27,,,,,,,,,,,,,,,,,MR.,JOHN,,RAFFOUL,,CFO,,,SNF OR NURSING HOME,NON PROFIT - CORPORATION,WHITE MEMORIAL MEDICAL CENTER,,UI/0UIYG03IJ0GM86HWWMMN,,,,,,,,,,,,5,,,31080,48852,U,zzw-223@5z5-3rj-bp9,OTHER MEDICAL FACILITY
555912,1437607926,,KERN RIVER TRANSITIONAL CARE,5151 KNUDSEN DRIVE,,BAKERSFIELD,CA,93308,KERN,6613259900,,140,,,,,,,,,,,,,,,,,,MARK,,HANCOCK,,VICE PRESIDENT/CFO,,,SNF OR NURSING HOME,FOR PROFIT - LIMITED LIABILITY COMPANY,,,3CV0JC7VQHPHPZMWWN,,,,,,,,,,,,1,,,12540,52447,U,222-222@5z8-nyn-6hq,OTHER MEDICAL FACILITY
