﻿CCN,NPI,HospName,ParentOrgLBN,AvailableContact,License,LicenseState
140012,1023003720,KATHERINE SHAW BETHEA HOSPITAL,,VICE PRESIDENT OF FINANCE,0000497,IL
140012,1427043546,KATHERINE SHAW BETHEA HOSPITAL,,VP/CHEIF FINANCIAL OFFICER,0000497,IL
140012,1447245147,KATHERINE SHAW BETHEA HOSPITAL,,VICE PRESIDENT OF FINANCE,0000497,IL
140012,1831185156,KATHERINE SHAW BETHEA HOSPITAL,,VICE PRESIDENT OF FINANCE,0000497,IL
140012,1912404765,KATHERINE SHAW BETHEA HOSPITAL,KATHERINE SHAW BETHEA HOSPITAL,CHIEF FINANCIAL OFFICER,,
140012,1962600072,KATHERINE SHAW BETHEA HOSPITAL,,CEO,0000497,IL
360112,1316186315,ST VINCENT MEDICAL CENTER,,PRESIDENT MERCY HEALTH ST VINCENT,,
360112,1396781795,ST VINCENT MEDICAL CENTER,,PRESIDENT & CEO,,OH
360112,1437554490,ST VINCENT MEDICAL CENTER,MERCY HEALTH - ST VINCENT MEDICAL CENTER LLC,PRESIDENT MERCY HEALTH ST VINCENT,,
360112,1467493551,ST VINCENT MEDICAL CENTER,,PRESIDENT ST VINCENT MEDICAL CENTER,,
360112,1508894965,ST VINCENT MEDICAL CENTER,,PRESIDENT & CEO,,OH
360112,1588254650,ST VINCENT MEDICAL CENTER,,PRESIDENT,,
360112,1821026089,ST VINCENT MEDICAL CENTER,,PRESIDENT & CEO,,OH
11032F,1144301862,Martin ACH (FT Benning),,PHYSICIAN,,GA
11032F,1174699466,Martin ACH (FT Benning),,FAMILY NURSE PRACTITIONER,1047558,KY
11032F,1275670200,Martin ACH (FT Benning),,REGISTERED OUTPATIENT DIETITIAN,LD002620,GA
11032F,1366850117,Martin ACH (FT Benning),,ASSISTANT CHIEF PHARMACY,RPH025911,GA
11032F,1366888307,Martin ACH (FT Benning),,DOCTOR,ME116118,FL
17002F,1245568013,Irwin ACH (FT Riley),,CRNA,,
410012,1487649430,THE MIRIAM HOSPITAL,LIFESPAN CORPORATION,EXECUTIVE VP AND CFO,122,RI
410012,1740615277,THE MIRIAM HOSPITAL,,EXEC. VP & CFO,,RI
410012,1770520462,THE MIRIAM HOSPITAL,,EXECUTIVE VP & CFO,,
410012,1952328569,THE MIRIAM HOSPITAL,THE MIRIAM HOSPITAL,EXECUTIVE VICE PRESIDENT & CFO,122,RI
391312,1225006703,BROOKVILLE HOSPITAL,PENN HIGHLANDS HEALTHCARE,PRESIDENT,2805,PA
391312,1568400026,BROOKVILLE HOSPITAL,,PRESIDENT,28050101,PA
391312,1760452924,BROOKVILLE HOSPITAL,DUBOIS REGIONAL MEDICAL CENTER,PRESIDENT,2805,PA
501312,1013956259,PROSSER MEMORIAL HEALTH,PROSSER PUBLIC HOSPITAL DISTRICT OF BENTON CO.,CEO,000056,WA
501312,1023237674,PROSSER MEMORIAL HEALTH,,CEO,000056,WA
501312,1306897681,PROSSER MEMORIAL HEALTH,,CEO,000056,WA
043300,1194776757,ARKANSAS CHILDRENS HOSPITAL,,VICE PRESIDENT,,
043300,1477561983,ARKANSAS CHILDRENS HOSPITAL,ARKANSAS CHILDREN'S HOSPITAL,VICE PRESIDENT - PATIENT ACCOUNTS,811,AR
053301,1003961251,CHILDRENS HOSP & RES CNTR OAKLAND,,CONTROLLER,140000015,CA
053301,1205215563,CHILDRENS HOSP & RES CNTR OAKLAND,,RESIDENCY PROGRAM COORDINATOR,,
053301,1225161672,CHILDRENS HOSP & RES CNTR OAKLAND,,SOCIAL WORKER,LCS17542,CA
053301,1255456216,CHILDRENS HOSP & RES CNTR OAKLAND,,CLINICAL SOCIAL WORKER,20304,CA
053301,1255621389,CHILDRENS HOSP & RES CNTR OAKLAND,,SPEECH -  LANGUAGE PATHOLOGIST,16405,CA
053301,1285038372,CHILDRENS HOSP & RES CNTR OAKLAND,,PHARMACIST,,
053301,1447398896,CHILDRENS HOSP & RES CNTR OAKLAND,,MANAGER,PSY 19128,CA
053301,1588850747,CHILDRENS HOSP & RES CNTR OAKLAND,,POSTDOCTORAL FELLOW,,
053301,1649479759,CHILDRENS HOSP & RES CNTR OAKLAND,,CEO & PRESIDENT,486649,CA
053301,1720286388,CHILDRENS HOSP & RES CNTR OAKLAND,,CLINICAL TRAINING DIRECTOR,,
053301,1760878003,CHILDRENS HOSP & RES CNTR OAKLAND,,PROGRAM DIRECTOR,,
053301,1780958710,CHILDRENS HOSP & RES CNTR OAKLAND,,PRESIDENT AND CHIEF EXECUTIVE OFFIC,SP8469,CA
053301,1821281346,CHILDRENS HOSP & RES CNTR OAKLAND,,CLINICAL SOCIAL WORKER,20826,CA
053301,1831128974,CHILDRENS HOSP & RES CNTR OAKLAND,,DIVISION DIRECTOR,,
06T012,1225543630,ST. MARY-CORWIN MEDICAL CENTER IRF,,CFO,,
06T012,1306857974,ST. MARY-CORWIN MEDICAL CENTER IRF,CATHOLIC HEALTH INITIATIVES COLORADO,GROUP VP FINANCE,328,CO
06T012,1518978667,ST. MARY-CORWIN MEDICAL CENTER IRF,,CEO,328,CO
06T012,1609007863,ST. MARY-CORWIN MEDICAL CENTER IRF,,SOLE MBR,44566,CO
15T112,1104998624,COLUMBUS REGIONAL HOSPITAL,,CFO VP OF FINANCIAL SERVICES,,IN
27T012,1346611167,BENEFIS HEALTH SYSTEM,,MANAGER,,
27T012,1730196817,BENEFIS HEALTH SYSTEM,,CFO FOR BENEFIS HEALTH SYSTEMS,10553,MT
27T012,1831599687,BENEFIS HEALTH SYSTEM,,LICENSED ACUPUNCTURIST,33810,MT
102012,1508031055,CURAHEALTH JACKSONVILLE LLC,,CFO,ARNP1519732,FL
102012,1851348429,CURAHEALTH JACKSONVILLE LLC,,CFO,,
102012,1982110458,CURAHEALTH JACKSONVILLE LLC,,PRESIDENT,,FL
192012,1639160799,CHRISTUS DUBUIS - ALEXANDRIA,,CEO,,
192012,1760812655,CHRISTUS DUBUIS - ALEXANDRIA,,OWNER,DO.000285,LA
194112,1184044430,BEACON BEHAVIORAL HOSP CENTRAL,,CEO,,
194112,1861074940,BEACON BEHAVIORAL HOSP CENTRAL,,CEO,,
384012,1528231826,UBH OF OREGON LLD D/BA CEDAR HILLS,,SR VP CFO,,
