﻿HlthSysID,HlthSysName,HlthSysCity,HlthSysState,HlthSysPhys,HlthSysPCPhys,HlthSysResidents,HlthSysGroups,HlthSysHospitals,HlthSysAcuteCare,HlthSysBeds,HlthSysStates,HlthSysDischarges,HlthSysHighUCCB,HlthSysInvestorOwned
HSI00000008,Adena Health System,Chillicothe,OH,221,89,46,51,3,3,239,1,10533,FALSE,TRUE
HSI00000010,Adventist Health System,Altamonte Springs,FL,2558,940,209,570,34,33,7700,3,366041,FALSE,TRUE
HSI00000011,Adventist Health,Roseville,CA,1716,621,123,345,28,25,2659,3,136567,TRUE,TRUE
HSI00000012,Adventist Healthcare,Gaithersburg,MD,283,85,0,46,4,2,496,1,33181,TRUE,TRUE
HSI00000018,Alameda Health System,Oakland,CA,474,163,100,9,3,3,265,1,15310,FALSE,TRUE
HSI00000019,Albany Medical Center,Albany,NY,731,152,367,88,3,2,909,1,49205,TRUE,TRUE
HSI00000020,Albert Einstein Healthcare Network,Philadelphia,PA,961,301,326,101,2,2,577,1,37134,TRUE,TRUE
HSI00000021,Alecto Healthcare Services,Irvine,CA,209,42,32,16,7,6,905,3,23673,TRUE,FALSE
HSI00000025,Allegheny Health Network,Pittsburgh,PA,3094,525,560,382,8,8,1858,2,81024,TRUE,TRUE
HSI00000029,Allina Health System,Minneapolis,MN,1728,829,64,200,13,12,1725,2,116339,TRUE,TRUE
HSI00000032,Altru Health System,Grand Forks,ND,295,126,30,29,1,1,276,1,14257,TRUE,TRUE
HSI00000034,Anderson Regional Health System,Meridian,MS,69,14,0,25,2,2,293,1,11489,TRUE,TRUE
HSI00000036,Ann and Robert H Lurie Childrens Hospital,Chicago,IL,552,207,244,13,1,1,312,1,11868,TRUE,TRUE
HSI00000038,Anne Arundel Health System,Annapolis,MD,397,98,9,91,1,1,415,1,25069,TRUE,TRUE
HSI00000041,Appalachian Regional Healthcare,Lexington,KY,210,77,9,47,12,12,803,2,26280,TRUE,TRUE
HSI00000042,Appalachian Regional Healthcare System,Boone,NC,98,34,0,23,2,2,119,1,4555,TRUE,TRUE
HSI00000045,Archbold Medical Center,Thomasville,GA,119,41,0,26,4,4,322,1,10650,FALSE,TRUE
HSI00000046,Ardent Health Services,Nashville,TN,1127,441,143,236,29,23,3158,3,153859,TRUE,FALSE
HSI00000048,Jefferson Health,Radnor,PA,3050,853,1072,322,6,5,2518,2,118394,TRUE,TRUE
HSI00000050,Arkansas Childrens Hospital,Little Rock,AR,353,161,158,12,1,1,336,1,10244,TRUE,TRUE
HSI00000051,Armstrong County Memorial Hospital,Kittanning,PA,72,29,0,21,1,1,133,1,4702,TRUE,TRUE
HSI00000052,Arnot Health,Elmira,NY,248,91,75,60,3,3,274,1,10797,TRUE,TRUE
HSI00000053,Arrowhead Regional Medical Center,Colton,CA,389,147,146,4,1,1,366,1,19884,FALSE,TRUE
HSI00000054,Asante Health System,Medford,OR,252,93,0,40,3,3,448,1,25462,FALSE,TRUE
HSI00000055,Ascension Health,Saint Louis,MO,11419,4553,2440,1988,127,112,17577,3,828864,TRUE,TRUE
HSI00000056,Kings Daughters Medical Center,Ashland,KY,174,57,0,48,2,2,449,2,14543,TRUE,TRUE
HSI00000057,Aspirus,Wausau,WI,437,182,15,106,9,9,422,2,21906,TRUE,TRUE
HSI00000059,Atlantic General Health System,Berlin,MD,60,21,0,24,1,1,48,1,3200,TRUE,TRUE
HSI00000060,Atlantic Health System,Morristown,NJ,1120,381,282,229,5,5,1432,1,84262,TRUE,TRUE
HSI00000063,Augusta Health,Fishersville,VA,191,57,0,44,1,1,166,1,10153,TRUE,TRUE
HSI00000064,Augusta University Medical Center,Augusta,GA,950,292,498,49,3,2,511,1,21615,TRUE,TRUE
HSI00000065,Aultman Health Foundation,Canton,OH,238,99,81,36,5,3,510,1,25701,TRUE,TRUE
HSI00000067,Avanti Hospitals,El Segundo,CA,81,11,0,5,4,4,403,1,16573,TRUE,FALSE
HSI00000068,Avera Health,Sioux Falls,SD,820,344,46,216,38,35,1299,3,44508,TRUE,TRUE
HSI00000070,BJC Healthcare,Saint Louis,MO,2951,768,931,238,22,18,3554,2,147969,TRUE,TRUE
HSI00000071,Bingham Memorial Hospital,Blackfoot,ID,67,17,0,23,2,1,25,1,2000,TRUE,TRUE
HSI00000073,Banner Health,Phoenix,AZ,3620,1208,765,324,29,27,4790,3,227964,FALSE,TRUE
HSI00000074,Baptist Health,Little Rock,AR,298,108,8,121,10,8,1197,1,45371,TRUE,TRUE
HSI00000075,Baptist Health,Jacksonville,FL,510,242,53,137,4,4,1049,1,60422,FALSE,TRUE
HSI00000076,Baptist Health Care,Pensacola,FL,263,82,0,84,4,3,352,1,20532,TRUE,TRUE
HSI00000077,Baptist Health South Florida,Coral Gables,FL,969,246,49,131,7,7,2119,1,91879,FALSE,TRUE
HSI00000080,Baptist Healthcare System,Louisville,KY,1114,354,22,274,10,10,2191,2,104315,TRUE,TRUE
HSI00000081,Baptist Memorial Health Care Corporation,Memphis,TN,1439,368,86,280,24,18,2577,3,109229,TRUE,TRUE
HSI00000086,Barton Healthcare System,South Lake Tahoe,CA,111,31,0,18,2,2,86,2,3331,FALSE,TRUE
HSI00000087,Bassett Healthcare Network,Cooperstown,NY,448,160,54,75,5,5,301,1,11995,TRUE,TRUE
HSI00000089,Baton Rouge General Health System,Baton Rouge,LA,184,77,58,27,1,1,253,1,14715,FALSE,TRUE
HSI00000090,Baxter Regional Medical Center,Mountain Home,AR,56,13,0,20,1,1,147,1,8163,TRUE,TRUE
HSI00000094,Bayhealth,Dover,DE,210,68,0,61,2,2,405,1,18857,TRUE,TRUE
HSI00000096,Baylor Scott and White Health,Dallas,TX,3622,1342,567,579,31,23,3716,1,236248,TRUE,TRUE
HSI00000097,Baystate Health,Springfield,MA,924,283,311,110,4,4,889,1,46955,TRUE,TRUE
HSI00000098,Beacon Health System,South Bend,IN,362,156,28,74,3,2,584,2,27994,TRUE,TRUE
HSI00000100,Beaufort Memorial Hospital,Beaufort,SC,95,38,0,21,1,1,167,1,8050,TRUE,TRUE
HSI00000101,Beaumont Health Systems,Southfield,MI,1953,697,882,235,8,8,3108,1,168269,TRUE,TRUE
HSI00000103,Beebe Healthcare,Lewes,DE,116,39,0,38,1,1,193,1,10541,TRUE,TRUE
HSI00000105,Bellin Health Systems,Green Bay,WI,241,100,0,79,3,2,171,1,8546,TRUE,TRUE
HSI00000106,Beloit Health System,Beloit,WI,127,38,0,16,1,1,103,1,4045,TRUE,TRUE
HSI00000107,Benefis Healthcare System,Great Falls,MT,148,39,0,11,3,3,362,1,10084,TRUE,TRUE
HSI00000109,Berkshire Health Systems,Pittsfield,MA,376,143,64,51,2,2,246,1,13495,TRUE,TRUE
HSI00000110,Beth Israel Deaconess Medical Center,Boston,MA,3288,889,535,136,4,4,952,1,57933,TRUE,TRUE
HSI00000113,University Health System,San Antonio,TX,737,283,456,39,1,1,590,1,28233,FALSE,TRUE
HSI00000114,Billings Clinic,Billings,MT,436,172,32,21,11,11,406,2,17213,TRUE,TRUE
HSI00000117,Blessing Health System,Quincy,IL,113,40,16,26,2,2,253,1,12130,TRUE,TRUE
HSI00000118,Blount Memorial Hospital,Maryville,TN,135,49,0,14,1,1,183,1,10791,TRUE,TRUE
HSI00000125,Bon Secours Health System,Marriottsville,MD,1232,501,77,352,11,11,1821,3,97173,TRUE,TRUE
HSI00000130,Boston Childrens Hospital,Boston,MA,1638,521,310,60,1,1,415,1,14902,TRUE,TRUE
HSI00000131,Boston Medical Center,Boston,MA,1479,562,523,90,1,1,433,1,25715,TRUE,TRUE
HSI00000132,Boulder Community Health,Boulder,CO,202,72,0,42,1,1,139,1,8149,TRUE,TRUE
HSI00000135,Bozeman Deaconess Hospital,Bozeman,MT,150,55,0,18,1,1,83,1,6928,TRUE,TRUE
HSI00000139,Bronson Healthcare,Kalamazoo,MI,510,155,108,114,4,4,648,1,35308,TRUE,TRUE
HSI00000140,BronxCare Health System,Bronx,NY,562,205,324,29,1,1,460,1,27005,TRUE,TRUE
HSI00000143,Bryan Health,Lincoln,NE,136,54,18,22,7,6,575,2,24996,TRUE,TRUE
HSI00000146,Butler Health System,Butler,PA,145,64,0,51,1,1,267,1,11951,TRUE,TRUE
HSI00000147,CAMC Health System,Charleston,WV,413,116,141,44,2,2,826,1,37919,TRUE,TRUE
HSI00000148,CGH Medical Center,Sterling,IL,83,32,0,17,1,1,93,1,4079,TRUE,TRUE
HSI00000152,Christus Health,Irving,TX,2383,619,165,278,32,26,4024,3,176574,FALSE,TRUE
HSI00000154,Cabell Huntington Hospital,Huntington,WV,503,198,154,59,2,2,662,1,31561,TRUE,TRUE
HSI00000155,Calvert Health System,Prince Frederick,MD,71,25,0,16,1,1,71,1,5496,TRUE,TRUE
HSI00000156,Cambridge Health Alliance,Cambridge,MA,494,226,93,31,1,1,200,1,7624,TRUE,TRUE
HSI00000159,Campbell County Health,Gillette,WY,65,22,0,6,1,1,66,1,2253,TRUE,TRUE
HSI00000161,Cape Cod Healthcare,Hyannis,MA,449,145,4,76,2,2,334,1,21642,TRUE,TRUE
HSI00000162,Cape Fear Valley Health System,Fayetteville,NC,307,112,33,47,4,3,620,1,35136,TRUE,TRUE
HSI00000164,Capital Health System,Trenton,NJ,469,133,37,35,2,2,297,1,17189,TRUE,TRUE
HSI00000165,Capital Region Health Care,Concord,NH,356,176,27,62,1,1,191,1,13141,TRUE,TRUE
HSI00000166,Care New England Health System,Providence,RI,1450,409,120,66,3,2,570,1,23876,TRUE,TRUE
HSI00000169,Carepoint Health,Jersey City,NJ,268,92,106,40,3,3,431,1,19002,FALSE,FALSE
HSI00000170,Carilion Clinic,Roanoke,VA,1037,380,236,185,7,7,904,1,47865,TRUE,TRUE
HSI00000171,Caromont Health System,Gastonia,NC,244,74,0,64,1,1,370,1,22650,TRUE,TRUE
HSI00000172,CarolinaEast Health System,New Bern,NC,134,51,0,19,1,1,281,1,12502,TRUE,TRUE
HSI00000173,Atrium Health,Charlotte,NC,3686,1509,374,738,23,22,4171,3,204058,TRUE,TRUE
HSI00000178,Carson Tahoe Health,Carson City,NV,121,43,0,27,3,1,175,1,10759,TRUE,TRUE
HSI00000182,Catawba Valley Medical Center,Hickory,NC,81,38,0,22,1,1,200,1,11156,TRUE,TRUE
HSI00000183,Catholic Health Initiatives,Englewood,CO,5965,2176,934,1382,112,102,11026,3,520337,TRUE,TRUE
HSI00000186,Catholic Health Services of Long Island,Rockville Centre,NY,784,201,96,85,7,7,1936,1,86463,TRUE,TRUE
HSI00000188,Catholic Medical Center,Manchester,NH,156,66,0,28,1,1,231,1,10953,TRUE,TRUE
HSI00000189,Cayuga Medical Center,Ithaca,NY,114,31,0,31,2,2,169,1,5897,TRUE,TRUE
HSI00000190,Cedars-Sinai Health System,West Hollywood,CA,1841,468,354,128,3,3,1593,1,86112,TRUE,TRUE
HSI00000192,Centra Health,Lynchburg,VA,367,134,20,51,5,4,555,1,28919,TRUE,TRUE
HSI00000193,CentraCare Health System,Saint Cloud,MN,529,223,10,72,7,7,634,1,34194,TRUE,TRUE
HSI00000194,Centrastate Healthcare System,Freehold,NJ,148,62,18,23,1,1,241,1,12381,TRUE,TRUE
HSI00000195,Central Florida Health Alliance,Leesburg,FL,54,11,0,15,2,2,564,1,27469,TRUE,TRUE
HSI00000197,Central Maine Healthcare Corporation,Lewiston,ME,285,128,18,46,3,3,278,1,11264,TRUE,TRUE
HSI00000203,Erlanger Health System,Chattanooga,TN,464,161,171,58,4,4,724,2,41076,TRUE,TRUE
HSI00000205,Chesapeake Regional Medical Center,Chesapeake,VA,101,21,0,9,1,1,310,1,14963,TRUE,TRUE
HSI00000206,Cheyenne Regional,Cheyenne,WY,156,46,0,17,2,1,170,1,8495,TRUE,TRUE
HSI00000207,Children's Minnesota,Minneapolis,MN,196,64,52,23,2,2,381,1,15496,TRUE,TRUE
HSI00000208,Childrens Health,Dallas,TX,463,193,107,38,3,3,489,1,14528,TRUE,TRUE
HSI00000209,Childrens Healthcare of Atlanta,Atlanta,GA,673,224,186,79,2,2,593,1,25945,TRUE,TRUE
HSI00000210,Childrens Hospital Los Angeles,Los Angeles,CA,681,237,222,25,1,1,374,1,17081,TRUE,TRUE
HSI00000211,Childrens Hospital Medical Center of Akron,Akron,OH,303,171,120,73,1,1,401,1,10233,TRUE,TRUE
HSI00000212,Childrens Hospital and Health System,Wauwatosa,WI,682,325,190,44,2,2,340,1,9793,TRUE,TRUE
HSI00000213,Childrens Hospital and Medical Center,Omaha,NE,240,102,40,28,1,1,140,1,4768,TRUE,TRUE
HSI00000214,CHOC Childrens,Orange,CA,697,512,94,27,2,2,388,1,14331,TRUE,TRUE
HSI00000215,Childrens Hospital of the Kings Daughters,Norfolk,VA,420,250,92,51,1,1,198,1,5171,TRUE,TRUE
HSI00000216,Children National Hospital,Washington,DC,928,378,322,32,1,1,323,1,15332,TRUE,TRUE
HSI00000217,Childrens of Alabama,Birmingham,AL,382,185,123,25,1,1,339,1,15548,TRUE,TRUE
HSI00000218,Christiana Care Health System,Wilmington,DE,774,266,244,130,1,1,1061,1,50919,TRUE,TRUE
HSI00000224,Cincinnati Childrens Hospital Medical Center,Cincinnati,OH,1052,338,374,20,1,1,602,1,18557,TRUE,TRUE
HSI00000225,Citizens Memorial Healthcare,Bolivar,MO,72,30,0,40,1,1,52,1,2972,TRUE,TRUE
HSI00000226,Citrus Valley Health Partners,Covina,CA,98,14,5,9,3,3,586,1,29569,TRUE,TRUE
HSI00000229,Olympic Medical Center,Port Angeles,WA,96,34,0,19,1,1,78,1,4155,TRUE,TRUE
HSI00000231,Coastal Carolinas Health Alliance,Wilmington,NC,256,103,60,30,3,3,360,1,18460,TRUE,TRUE
HSI00000235,Colquitt Regional Medical Center,Moultrie,GA,52,25,3,12,1,1,94,1,4491,TRUE,TRUE
HSI00000236,Columbia Memorial Health,Hudson,NY,87,37,0,25,1,1,94,1,4489,TRUE,TRUE
HSI00000240,Columbus Regional Health,Columbus,IN,123,46,0,36,1,1,214,1,8865,TRUE,TRUE
HSI00000242,Comanche County Memorial Hospital,Lawton,OK,111,40,25,16,1,1,189,1,8865,TRUE,TRUE
HSI00000244,Commonwealth Health Corporation,Bowling Green,KY,163,73,20,29,6,5,421,1,17815,TRUE,TRUE
HSI00000246,Community Foundation of Northwest Indiana,Munster,IN,359,106,0,112,3,3,755,1,33501,TRUE,TRUE
HSI00000248,Community Health Network,Indianapolis,IN,914,336,53,245,8,5,1004,1,55465,TRUE,TRUE
HSI00000249,Community Health Systems,Franklin,TN,4817,1836,314,1264,118,114,15023,3,599111,TRUE,FALSE
HSI00000251,Community Hospital Corporation,Plano,TX,146,55,0,9,22,11,733,3,24246,FALSE,TRUE
HSI00000254,Community Medical Center,Missoula,MT,74,35,5,20,1,1,141,1,4668,FALSE,FALSE
HSI00000255,Community Memorial Health System,Ventura,CA,224,84,54,22,2,2,226,1,12504,TRUE,TRUE
HSI00000258,Community Memorial Hospital Association,Cloquet,MN,54,23,0,1,2,2,152,2,9735,TRUE,TRUE
HSI00000260,Methodist Hospital,Henderson,KY,68,33,7,20,2,2,143,1,4708,TRUE,TRUE
HSI00000263,Cone Health,Greensboro,NC,559,215,52,98,2,2,939,1,54962,FALSE,TRUE
HSI00000266,Confluence Health,Wenatchee,WA,366,135,0,30,2,2,187,1,11655,TRUE,TRUE
HSI00000268,Connecticut Children's Health System,Hartford,CT,321,96,88,9,1,1,187,1,6135,TRUE,TRUE
HSI00000270,Contra Costa Health Services,Martinez,CA,378,268,36,16,1,1,124,1,6574,FALSE,TRUE
HSI00000271,Conway Medical Center,Conway,SC,100,30,0,20,1,1,166,1,8891,TRUE,TRUE
HSI00000272,Conway Regional Health System,Conway,AR,67,24,0,26,2,1,139,1,7443,TRUE,TRUE
HSI00000273,Cook Childrens Health Care System,Fort Worth,TX,445,208,12,75,2,2,375,1,11267,TRUE,TRUE
HSI00000274,Cook County Health and Hospital System,Chicago,IL,616,216,505,49,2,2,473,1,19664,FALSE,TRUE
HSI00000275,Cookeville Regional Health System,Cookeville,TN,105,36,0,20,1,1,223,1,13075,TRUE,TRUE
HSI00000283,Cottage Health System,Santa Barbara,CA,131,22,57,18,4,3,364,1,18445,TRUE,TRUE
HSI00000286,Covenant Health,Knoxville,TN,439,144,0,114,10,9,1245,1,71349,TRUE,TRUE
HSI00000287,Covenant Health Systems,Tewksbury,MA,281,134,0,56,3,3,436,2,13430,TRUE,TRUE
HSI00000288,Covenant HealthCare,Saginaw,MI,275,139,62,67,1,1,455,1,26605,TRUE,TRUE
HSI00000289,Covenant Ministries of Benevolence,Chicago,IL,245,112,50,27,1,1,226,1,10968,TRUE,TRUE
HSI00000290,Cox Health,Springfield,MO,897,215,24,106,5,4,749,1,38845,TRUE,TRUE
HSI00000295,Curae Health,Clinton,TN,54,20,0,6,5,5,519,2,11215,TRUE,TRUE
HSI00000297,DCH Health System,Tuscaloosa,AL,63,18,48,8,3,3,543,1,33057,TRUE,TRUE
HSI00000298,Parkland Health and Hospital System,Dallas,TX,418,179,602,45,1,1,769,1,51542,FALSE,TRUE
HSI00000299,Dartmouth-Hitchcock,Lebanon,NH,1584,474,342,97,8,8,636,2,28991,TRUE,TRUE
HSI00000301,Day Kimball Healthcare,Putnam,CT,62,30,0,20,1,1,104,1,3470,FALSE,TRUE
HSI00000302,Dayton Childrens,Dayton,OH,220,78,60,14,1,1,177,1,4723,TRUE,TRUE
HSI00000305,Deaconess Health System,Evansville,IN,408,174,21,55,5,3,566,1,30515,TRUE,TRUE
HSI00000307,Denver Health,Denver,CO,454,203,207,53,1,1,381,1,17824,TRUE,TRUE
HSI00000314,Dignity Health,San Francisco,CA,8553,2656,423,504,39,35,7288,3,373932,TRUE,TRUE
HSI00000318,Doctors Hospital at Renaissance,Edinburg,TX,152,68,48,20,1,1,394,1,25803,TRUE,FALSE
HSI00000320,Doylestown Hospital,Doylestown,PA,128,36,0,23,1,1,217,1,13602,TRUE,TRUE
HSI00000321,Driscoll Childrens Hospital,Corpus Christi,TX,121,28,48,12,1,1,162,1,3606,TRUE,TRUE
HSI00000323,Duke University Health System,Durham,NC,2158,566,692,293,4,4,1552,1,71502,TRUE,TRUE
HSI00000325,East Alabama Medical Center,Opelika,AL,86,26,0,22,2,2,383,1,16897,TRUE,TRUE
HSI00000326,East Jefferson General Hospital,Metairie,LA,175,51,32,28,1,1,339,1,13265,TRUE,TRUE
HSI00000327,East Tennessee Childrens Hospital Association,Knoxville,TN,139,91,,36,1,1,,1,,TRUE,TRUE
HSI00000330,Eastern Maine Healthcare Systems,Brewer,ME,866,343,25,116,14,13,748,1,38022,TRUE,TRUE
HSI00000334,Edward Elmhurst Healthcare,Naperville,IL,556,188,0,88,3,2,580,1,40291,TRUE,TRUE
HSI00000335,Eisenhower Medical Center,Rancho Mirage,CA,379,155,77,46,1,1,370,1,20190,TRUE,TRUE
HSI00000336,El Camino Hospital,Mountain View,CA,157,42,0,12,2,2,388,1,22741,TRUE,TRUE
HSI00000338,Elliot Health System,Manchester,NH,243,98,0,53,1,1,199,1,11833,TRUE,TRUE
HSI00000339,Ellis Medicine,Schenectady,NY,226,81,34,38,2,2,350,1,17294,TRUE,TRUE
HSI00000340,Emerson Hospital Health System,Concord,MA,145,42,0,36,1,1,111,1,5576,TRUE,TRUE
HSI00000342,Emory Healthcare,Atlanta,GA,3801,710,486,262,8,6,1926,1,96220,TRUE,TRUE
HSI00000345,Enloe Medical Center,Chico,CA,129,21,0,17,1,1,298,1,17620,TRUE,TRUE
HSI00000346,Ephraim Mcdowell Health,Danville,KY,62,17,0,24,3,3,220,1,7959,FALSE,TRUE
HSI00000347,Episcopal Health Services,Bethpage,NY,143,33,147,7,1,1,170,1,6923,TRUE,TRUE
HSI00000349,Eskenazi Health,Indianapolis,IN,277,151,172,22,1,1,316,1,17081,FALSE,TRUE
HSI00000350,Essentia Health,Duluth,MN,1745,414,20,96,18,18,913,3,40066,TRUE,TRUE
HSI00000352,Evangelical Community Hospital,Lewisburg,PA,90,26,0,22,1,1,123,1,5579,TRUE,TRUE
HSI00000354,Excela Health,Greensburg,PA,255,101,17,91,3,3,396,1,24711,TRUE,TRUE
HSI00000355,Exeter Health Resources,Exeter,NH,142,62,0,49,1,1,97,1,5336,TRUE,TRUE
HSI00000356,Fairfield Medical Center,Lancaster,OH,101,41,24,30,1,1,213,1,11269,FALSE,TRUE
HSI00000357,Fairview Health Services,Minneapolis,MN,2147,843,385,221,13,12,1781,2,95695,TRUE,TRUE
HSI00000358,Faith Regional Health Services,Norfolk,NE,86,27,0,33,3,3,151,1,4926,TRUE,TRUE
HSI00000360,Boys Town National Research Hospital,Boys Town,NE,72,33,0,13,1,1,61,1,138,TRUE,TRUE
HSI00000362,Finger Lakes Health,Geneva,NY,88,38,0,33,2,2,142,1,4083,TRUE,TRUE
HSI00000363,Firelands Regional Health System,Sandusky,OH,90,30,16,31,1,1,183,1,8886,TRUE,TRUE
HSI00000365,Firsthealth of The Carolinas,Pinehurst,NC,186,48,0,47,3,3,421,1,24112,TRUE,TRUE
HSI00000367,Fisher Titus Medical Center,Norwalk,OH,54,23,0,18,1,1,78,1,3858,TRUE,TRUE
HSI00000368,Florida Health Sciences Center,Tampa,FL,254,85,298,29,1,1,920,1,47752,TRUE,TRUE
HSI00000369,Floyd Medical Center,Rome,GA,123,85,22,39,3,3,298,2,14552,FALSE,TRUE
HSI00000371,Forrest Health,Hattiesburg,MS,132,54,16,18,5,5,567,1,29314,FALSE,TRUE
HSI00000375,Franciscan Health,Mishawaka,IN,1275,439,154,220,13,13,1776,2,70880,TRUE,TRUE
HSI00000376,Franciscan Missionaries of Our Lady Health System,Baton Rouge,LA,718,306,189,147,10,7,1376,1,56965,TRUE,TRUE
HSI00000380,Frederick Regional Health System,Frederick,MD,159,65,0,28,1,1,272,1,16585,TRUE,TRUE
HSI00000381,Freeman Health System,Joplin,MO,227,67,22,59,3,3,428,1,18094,TRUE,TRUE
HSI00000382,Freeport Health Network,Freeport,IL,77,32,0,23,1,1,100,1,3797,TRUE,TRUE
HSI00000385,Frisbie Memorial Hospital,Rochester,NH,80,37,0,18,1,1,64,1,3874,TRUE,TRUE
HSI00000386,Froedtert and The Medical College of Wisconsin,Milwaukee,WI,1593,347,339,78,5,5,1010,1,50426,TRUE,TRUE
HSI00000388,Geisinger Health System,Danville,PA,4559,700,493,314,10,9,2041,2,107432,TRUE,TRUE
HSI00000390,Genesis Health System,Davenport,IA,300,148,18,56,5,5,454,2,21370,TRUE,TRUE
HSI00000391,Genesis Healthcare System,Zanesville,OH,191,69,0,57,1,1,285,1,11876,TRUE,TRUE
HSI00000401,Glens Falls Hospital,Glens Falls,NY,130,44,0,29,1,1,507,1,11567,FALSE,TRUE
HSI00000404,Good Samaritan Hospital,Los Angeles,CA,240,83,11,14,2,1,310,1,11766,TRUE,TRUE
HSI00000405,Good Samaritan Hospital,Vincennes,IN,106,35,0,18,1,1,123,1,5393,TRUE,TRUE
HSI00000412,Grady Health System,Atlanta,GA,287,91,425,13,1,1,646,1,32252,FALSE,TRUE
HSI00000415,Grand View Hospital,Sellersville,PA,113,36,0,25,1,1,162,1,7847,TRUE,TRUE
HSI00000421,Great River Health Systems,West Burlington,IA,139,40,0,33,1,1,138,1,7981,FALSE,TRUE
HSI00000422,Greater Baltimore Medical Center,Baltimore,MD,340,150,58,38,1,1,269,1,21251,TRUE,TRUE
HSI00000423,Greater Hudson Valley Health System,Middletown,NY,237,55,50,25,3,3,428,1,23967,FALSE,TRUE
HSI00000424,Greenville Health System,Greenville,SC,6306,559,202,185,7,5,975,1,48020,FALSE,TRUE
HSI00000428,Gundersen Health System,La Crosse,WI,427,183,51,81,6,6,377,2,15393,TRUE,TRUE
HSI00000430,Guthrie Healthcare System,Sayre,PA,442,151,71,43,4,4,375,2,20502,TRUE,TRUE
HSI00000431,Gwinnett Health System,Lawrenceville,GA,384,131,42,86,1,1,462,1,29197,FALSE,TRUE
HSI00000439,Hackensack Meridian Health,Edison,NJ,1773,533,468,287,11,9,3020,1,149229,TRUE,TRUE
HSI00000441,Halifax Health,Daytona Beach,FL,237,102,25,25,1,1,435,1,20541,FALSE,TRUE
HSI00000443,Hallmark Health System,Melrose,MA,393,131,2,36,1,1,211,1,8636,TRUE,TRUE
HSI00000444,Hamilton Health Care System,Dalton,GA,81,24,0,23,1,1,254,1,9439,FALSE,TRUE
HSI00000449,Harnett Health Systems,Dunn,NC,64,20,16,10,1,1,151,1,6161,FALSE,TRUE
HSI00000451,Harris Health System,Houston,TX,574,243,609,41,1,1,629,1,29613,FALSE,TRUE
HSI00000452,Hartford Healthcare Corporation,Hartford,CT,1132,271,280,193,8,7,1443,1,74496,TRUE,TRUE
HSI00000454,Hawaii Health Systems Corporation,Honolulu,HI,172,56,10,14,11,8,307,1,11864,TRUE,TRUE
HSI00000455,Hawaii Pacific Health,Honolulu,HI,557,210,69,47,4,4,592,1,26299,TRUE,TRUE
HSI00000461,Health First,Rockledge,FL,439,145,0,62,4,4,868,1,48666,FALSE,TRUE
HSI00000462,Health Quest,Lagrangeville,NY,440,123,0,63,4,4,649,2,34904,TRUE,TRUE
HSI00000464,HealthPartners,Minneapolis,MN,1974,858,177,167,9,9,1047,2,62255,TRUE,TRUE
HSI00000466,Baptist Health,Montgomery,AL,192,74,43,30,3,3,555,1,32119,TRUE,TRUE
HSI00000467,Huntsville Hospital Health System,Huntsville,AL,488,142,60,110,7,7,1341,1,71086,TRUE,TRUE
HSI00000471,Hendrick Health System,Abilene,TX,113,32,0,28,1,1,335,1,16025,FALSE,TRUE
HSI00000472,Hendricks Regional Health,Danville,IN,106,50,0,24,1,1,127,1,5679,TRUE,TRUE
HSI00000473,Hennepin Health Care System,Minneapolis,MN,729,233,284,37,1,1,341,1,18029,TRUE,TRUE
HSI00000474,Henry County Hospital,New Castle,IN,62,19,0,13,1,1,48,1,2356,TRUE,TRUE
HSI00000475,Henry Ford Health System,Detroit,MI,2941,763,852,234,7,5,1788,1,96154,TRUE,TRUE
HSI00000476,Heritage Valley Health System,Beaver,PA,236,114,24,78,2,2,343,1,15962,TRUE,TRUE
HSI00000478,Heywood Healthcare,Gardner,MA,78,18,0,18,2,2,139,1,4311,TRUE,TRUE
HSI00000484,Hoag Memorial Hospital Presbyterian,Newport Beach,CA,433,169,0,53,2,1,527,1,29830,TRUE,TRUE
HSI00000487,Holy Family Memorial,Manitowoc,WI,208,21,0,19,3,3,83,2,3008,TRUE,TRUE
HSI00000488,Holy Redeemer Health System,Huntingdon Valley,PA,165,39,1,27,1,1,195,1,12292,TRUE,TRUE
HSI00000490,Holzer Health System,Gallipolis,OH,141,65,0,15,2,2,181,1,4919,FALSE,TRUE
HSI00000491,HonorHealth,Scottsdale,AZ,482,228,47,106,5,5,1437,1,58660,TRUE,TRUE
HSI00000492,HCA Healthcare,Nashville,TN,14064,4056,2541,1600,183,167,36873,3,1843448,FALSE,FALSE
HSI00000496,Hospital Sisters Health System,Springfield,IL,717,194,88,124,17,17,1618,2,73767,TRUE,TRUE
HSI00000497,Houston Healthcare,Warner Robins,GA,82,34,18,17,2,2,276,1,14168,FALSE,TRUE
HSI00000498,Howard University Hospital,Washington,DC,340,84,191,8,1,1,192,1,8184,TRUE,TRUE
HSI00000502,Hunterdon Healthcare System,Flemington,NJ,322,141,18,96,1,1,170,1,8357,TRUE,TRUE
HSI00000503,Huntington Memorial Hospital,Pasadena,CA,199,59,41,9,1,1,503,1,28490,TRUE,TRUE
HSI00000505,Hurley Medical Center,Flint,MI,206,81,115,19,1,1,370,1,17888,TRUE,TRUE
HSI00000507,Integris Health,Oklahoma City,OK,1233,202,75,125,10,9,1119,1,48782,TRUE,TRUE
HSI00000509,Indian River Memorial Hospital,Vero Beach,FL,95,35,0,15,1,1,310,1,12544,TRUE,TRUE
HSI00000510,Indiana University Health,Indianapolis,IN,2885,934,745,368,14,13,2394,1,111130,TRUE,TRUE
HSI00000511,Infirmary Health System,Mobile,AL,254,93,5,38,5,4,851,1,38330,TRUE,TRUE
HSI00000513,Inova Health System,Falls Church,VA,1388,445,176,170,5,5,1631,1,88056,TRUE,TRUE
HSI00000514,Inspira Health Network,Mullica Hill,NJ,288,70,167,49,3,3,596,1,28430,TRUE,TRUE
HSI00000515,Interfaith Medical Center,Brooklyn,NY,153,57,131,5,1,1,153,1,7514,TRUE,TRUE
HSI00000516,Intermountain Healthcare,Salt Lake City,UT,2189,814,248,327,23,22,2407,2,125586,TRUE,TRUE
HSI00000518,Iredell Health System,Statesville,NC,63,22,0,25,1,1,155,1,7896,TRUE,TRUE
HSI00000523,Jackson Health System,Miami,FL,1470,319,691,21,2,1,1485,1,56824,FALSE,TRUE
HSI00000530,John Muir Health,Walnut Creek,CA,1150,492,4,77,3,2,751,1,31593,TRUE,TRUE
HSI00000531,Johns Hopkins Health System,Baltimore,MD,2985,776,1171,248,6,6,2363,3,112177,TRUE,TRUE
HSI00000536,Kaiser Permanente,Oakland,CA,24955,11090,904,723,41,38,8982,3,444141,FALSE,TRUE
HSI00000537,Kaleida Health,Buffalo,NY,569,149,400,86,4,4,1239,2,59047,TRUE,TRUE
HSI00000538,Kalispell Regional Healthcare,Kalispell,MT,263,82,4,46,3,3,220,1,11166,TRUE,TRUE
HSI00000539,Katherine Shaw Bethea Hospital,Dixon,IL,67,32,4,11,1,1,66,1,2707,TRUE,TRUE
HSI00000540,Kaweah Delta Health Care District,Visalia,CA,224,55,60,25,1,1,403,1,22900,TRUE,TRUE
HSI00000546,Kettering Health Network,Kettering,OH,793,258,190,163,6,6,1132,1,59677,TRUE,TRUE
HSI00000550,Kingsbrook Jewish Medical Center,Brooklyn,NY,92,39,82,2,1,1,161,1,7070,TRUE,TRUE
HSI00000553,Kootenai Health,Coeur D Alene,ID,221,74,18,38,1,1,289,1,16588,TRUE,TRUE
HSI00000554,Kuakini Health System,Honolulu,HI,60,23,15,3,1,1,170,1,3653,TRUE,TRUE
HSI00000555,LCMC Health System,New Orleans,LA,600,208,491,67,7,6,942,1,36310,TRUE,TRUE
HSI00000558,LRG Healthcare,Laconia,NH,124,44,0,38,2,2,111,1,4353,FALSE,TRUE
HSI00000559,LSU Healthcare Services Division,Baton Rouge,LA,945,182,2,60,1,1,24,1,607,FALSE,TRUE
HSI00000562,Lafayette General Health,Lafayette,LA,240,111,81,37,9,9,1041,1,38712,FALSE,TRUE
HSI00000563,Lahey Health System,Burlington,MA,1263,344,161,150,3,3,846,1,51281,TRUE,TRUE
HSI00000564,Lake Charles Memorial Health System,Lake Charles,LA,95,36,23,24,2,1,281,1,12324,TRUE,TRUE
HSI00000566,Lake Health,Painesville,OH,146,72,0,49,1,1,312,1,15870,TRUE,TRUE
HSI00000567,Lake Region Healthcare,Fergus Falls,MN,65,28,0,6,1,1,80,1,1984,TRUE,TRUE
HSI00000568,Lake Regional Health System,Osage Beach,MO,76,32,0,29,1,1,100,1,4760,TRUE,TRUE
HSI00000569,Lakeland Regional Health System,Lakeland,FL,195,58,0,15,1,1,731,1,36777,FALSE,TRUE
HSI00000570,Lakeland Regional Health System,Saint Joseph,MI,280,101,60,53,2,2,290,1,15135,TRUE,TRUE
HSI00000575,Lee Health,Fort Myers,FL,468,190,19,87,3,3,1313,1,78947,FALSE,TRUE
HSI00000576,Legacy Health,Portland,OR,989,407,100,121,7,7,972,2,67466,FALSE,TRUE
HSI00000577,Lehigh Valley Health Network,Allentown,PA,1718,503,255,324,7,7,1826,1,71819,TRUE,TRUE
HSI00000579,Lexington Medical Center,West Columbia,SC,374,141,0,91,1,1,428,1,23117,TRUE,TRUE
HSI00000581,Licking Memorial Health Systems,Newark,OH,158,66,0,44,1,1,219,1,8546,FALSE,TRUE
HSI00000582,LifeBridge Health,Baltimore,MD,733,200,134,103,5,3,795,1,41185,TRUE,TRUE
HSI00000584,Lifepoint Health,Brentwood,TN,2993,1089,226,646,86,83,9060,3,302400,TRUE,FALSE
HSI00000585,Lifespan,Providence,RI,1368,499,518,92,4,3,973,1,57515,TRUE,TRUE
HSI00000589,Little Company of Mary Hospital and Health Care Centers,Evergreen Park,IL,127,30,2,20,2,2,331,2,13916,FALSE,TRUE
HSI00000591,Loma Linda University Adventist Health Sciences Center,Loma Linda,CA,2649,259,426,59,4,3,900,1,45654,FALSE,TRUE
HSI00000593,Los Angeles County Health Services Department,Los Angeles,CA,1983,729,1290,114,4,3,1212,1,57963,FALSE,TRUE
HSI00000598,Lowell General Hospital,Lowell,MA,174,48,0,26,2,2,407,1,19895,TRUE,TRUE
HSI00000608,Main Line Health,Bryn Mawr,PA,876,300,166,138,5,4,1060,1,57038,TRUE,TRUE
HSI00000610,MaineGeneral Health,Augusta,ME,275,135,36,66,1,1,172,1,11413,TRUE,TRUE
HSI00000611,MaineHealth,Portland,ME,1318,454,217,209,10,9,1044,2,50896,TRUE,TRUE
HSI00000612,Major Health Partners,Shelbyville,IN,54,21,0,14,1,1,46,1,2947,TRUE,TRUE
HSI00000615,Maricopa Integrated Health System,Phoenix,AZ,415,93,198,18,1,1,323,1,12478,FALSE,TRUE
HSI00000616,Marin Healthcare District,Greenbrae,CA,143,43,0,13,1,1,218,1,8240,TRUE,TRUE
HSI00000619,Marshall Medical Center,Placerville,CA,94,27,0,19,1,1,111,1,5152,TRUE,TRUE
HSI00000621,Marshfield Clinic,Marshfield,WI,832,296,68,67,3,3,351,1,13592,TRUE,TRUE
HSI00000622,Martin Health System,Stuart,FL,207,78,0,41,1,1,434,1,26324,FALSE,TRUE
HSI00000623,Mary Lanning Healthcare,Hastings,NE,53,15,0,18,1,1,86,1,3839,FALSE,TRUE
HSI00000624,Mary Washington Healthcare,Fredericksburg,VA,236,81,0,41,3,2,511,1,26059,TRUE,TRUE
HSI00000630,Maury Regional Medical Center,Columbia,TN,136,59,0,35,3,3,322,1,14602,TRUE,TRUE
HSI00000631,Mayo Clinic,Rochester,MN,6783,1844,871,185,28,27,2931,3,130393,TRUE,TRUE
HSI00000636,McLaren Health Care Corporation,Grand Blanc,MI,1199,433,364,275,14,12,1911,1,99085,TRUE,TRUE
HSI00000637,McLeod Health,Florence,SC,424,172,25,90,6,6,895,1,39639,FALSE,TRUE
HSI00000639,Meadville Medical Center,Meadville,PA,109,35,9,23,2,2,198,1,7171,TRUE,TRUE
HSI00000640,MedStar Health,Columbia,MD,9131,884,889,279,10,9,2413,2,120908,TRUE,TRUE
HSI00000642,Medisys Health Network,Jamaica,NY,449,168,280,20,2,2,560,1,31421,TRUE,TRUE
HSI00000644,MUSC Health,Charleston,SC,1358,397,542,130,1,1,682,1,35824,TRUE,TRUE
HSI00000648,Memorial Health System,Springfield,IL,194,78,168,29,4,4,520,1,28026,TRUE,TRUE
HSI00000649,Memorial Health System,Marietta,OH,177,59,19,57,2,2,213,1,12576,TRUE,TRUE
HSI00000652,Memorial Healthcare,Owosso,MI,72,31,0,33,1,1,107,1,3210,FALSE,TRUE
HSI00000653,Memorial Healthcare System,Hollywood,FL,645,143,18,79,5,5,1795,1,69906,FALSE,TRUE
HSI00000654,Memorial Hermann Healthcare System,Houston,TX,2400,419,586,229,11,8,3346,1,182457,FALSE,TRUE
HSI00000655,Memorial Hospital at Gulfport,Gulfport,MS,172,56,0,53,1,1,421,1,17595,TRUE,TRUE
HSI00000658,MemorialCare Health System,Fountain Valley,CA,1264,407,122,103,5,5,1196,1,59455,TRUE,TRUE
HSI00000660,Mercy Health,Chesterfield,MO,4197,1124,106,822,36,32,4461,3,192569,TRUE,TRUE
HSI00000661,Mercy Health,Cincinnati,OH,2050,767,331,535,24,23,3420,3,189743,TRUE,TRUE
HSI00000663,Mercy,Baltimore,MD,276,77,50,44,1,1,204,1,13333,TRUE,TRUE
HSI00000666,Mercy Medical Center,Cedar Rapids,IA,185,62,2,41,2,2,219,1,9109,TRUE,TRUE
HSI00000667,Mercy Health,Janesville,WI,784,245,20,70,4,4,513,2,21695,TRUE,TRUE
HSI00000671,Meritus Health,Hagerstown,MD,148,48,0,27,1,1,257,1,17185,TRUE,TRUE
HSI00000672,Methodist Health System,Omaha,NE,397,156,13,56,3,3,517,2,26229,TRUE,TRUE
HSI00000673,Methodist Health System,Dallas,TX,410,185,79,66,5,5,1062,1,61746,FALSE,TRUE
HSI00000675,Methodist Le Bonheur Healthcare,Memphis,TN,821,286,292,106,2,2,1402,2,65838,FALSE,TRUE
HSI00000678,Nicklaus Childrens Health System,Miami,FL,385,178,145,23,1,1,289,1,10470,TRUE,TRUE
HSI00000681,Mid Columbia Medical Center,The Dalles,OR,72,26,0,12,1,1,43,1,2109,TRUE,TRUE
HSI00000682,MidMichigan Health,Midland,MI,338,153,30,103,6,6,648,1,26208,TRUE,TRUE
HSI00000683,Middlesex Health System,Middletown,CT,217,110,26,33,1,1,209,1,11573,TRUE,TRUE
HSI00000684,Midland Health,Midland,TX,69,25,16,17,1,1,218,1,11117,FALSE,TRUE
HSI00000686,Lecom Health,Erie,PA,139,67,61,24,2,2,150,1,4488,TRUE,TRUE
HSI00000691,Mission Health System,Asheville,NC,600,186,55,95,8,6,813,1,40116,TRUE,TRUE
HSI00000697,Mohawk Valley Health System,Utica,NY,199,64,33,72,2,2,398,1,22531,TRUE,TRUE
HSI00000698,Mon Health,Morgantown,WV,143,43,0,34,4,4,284,1,9933,TRUE,TRUE
HSI00000700,Montefiore Medical Center,Bronx,NY,3129,989,1283,234,9,7,2357,1,134487,TRUE,TRUE
HSI00000705,Mosaic Life Care,Saint Joseph,MO,249,95,0,76,3,3,392,1,19139,FALSE,TRUE
HSI00000708,Mount Auburn Hospital,Cambridge,MA,341,180,79,35,1,1,183,1,14185,TRUE,TRUE
HSI00000710,Mount Nittany Health System,State College,PA,190,53,17,23,1,1,248,1,12832,FALSE,TRUE
HSI00000711,Mount Sinai Health System,New York,NY,10400,1018,1642,337,4,3,2226,1,115977,TRUE,TRUE
HSI00000712,Mount Sinai Medical Center of Florida,Miami Beach,FL,307,60,152,24,1,1,480,1,23245,TRUE,TRUE
HSI00000714,Multicare Health System,Tacoma,WA,1084,441,39,208,7,7,683,1,42511,TRUE,TRUE
HSI00000715,Munson Healthcare,Traverse City,MI,169,,129,,10,9,639,1,32700,TRUE,TRUE
HSI00000716,NCH Healthcare System,Naples,FL,272,120,3,62,1,1,542,1,22415,FALSE,TRUE
HSI00000717,NYU Langone Health,New York,NY,3462,729,1278,373,4,3,1477,1,93184,TRUE,TRUE
HSI00000718,Nanticoke Health Services,Seaford,DE,83,27,0,26,1,1,94,1,6582,FALSE,TRUE
HSI00000720,National Jewish Health,Denver,CO,181,29,9,5,1,1,24,1,49,TRUE,TRUE
HSI00000722,Nationwide Childrens Hospital,Columbus,OH,937,368,252,54,1,1,634,1,16955,TRUE,TRUE
HSI00000723,Natividad Medical Center,Salinas,CA,101,58,30,6,1,1,148,1,8395,TRUE,TRUE
HSI00000724,Navicent Health,Macon,GA,459,216,102,45,4,3,712,1,33955,TRUE,TRUE
HSI00000725,Nemours Childrens Health System,Jacksonville,FL,958,382,120,71,2,2,294,2,12599,TRUE,TRUE
HSI00000729,New Liberty Hospital District of Clay County,Pleasant Valley,MO,100,32,0,15,1,1,199,1,7113,TRUE,TRUE
HSI00000730,New York City Health and Hospitals Corporation,New York,NY,3271,1140,2400,70,12,11,3189,1,144012,FALSE,TRUE
HSI00000731,New York Presbyterian Healthcare System,New York,NY,4424,1000,2014,425,9,8,3597,1,192145,TRUE,TRUE
HSI00000737,Niagara Falls Memorial Medical Center,Niagara Falls,NY,53,19,12,14,1,1,133,1,5064,TRUE,TRUE
HSI00000743,Norman Regional Health System,Norman,OK,150,39,21,37,1,1,331,1,15830,TRUE,TRUE
HSI00000745,Broward Health,Fort Lauderdale,FL,526,182,106,87,4,4,1201,1,57137,FALSE,TRUE
HSI00000748,North Kansas City Hospital,North Kansas City,MO,142,41,0,22,1,1,363,1,13671,TRUE,TRUE
HSI00000749,North Memorial Health Care,Robbinsdale,MN,316,130,24,41,2,2,475,1,29480,TRUE,TRUE
HSI00000750,North Mississippi Health Services,Tupelo,MS,287,134,25,63,6,6,712,2,27958,FALSE,TRUE
HSI00000751,North Oaks Health System,Hammond,LA,127,27,0,39,2,1,344,1,11423,FALSE,TRUE
HSI00000753,Great Plains Health,North Platte,NE,57,12,0,9,1,1,97,1,4910,TRUE,TRUE
HSI00000755,Northbay Healthcare Group,Fairfield,CA,167,47,0,30,2,2,182,1,8533,FALSE,TRUE
HSI00000756,NorthShore University Health System,Evanston,IL,1163,442,202,162,2,2,733,1,37259,TRUE,TRUE
HSI00000759,Northeast Georgia Health System,Gainesville,GA,502,180,0,87,3,3,596,1,36722,TRUE,TRUE
HSI00000761,Northern Arizona Healthcare,Flagstaff,AZ,240,61,12,33,2,2,337,1,17317,FALSE,TRUE
HSI00000765,Northfield Hospital and Clinics,Northfield,MN,51,25,0,8,1,1,37,1,1848,TRUE,TRUE
HSI00000766,Northside Hospital,Atlanta,GA,700,215,0,204,3,3,860,1,59139,TRUE,TRUE
HSI00000767,Northwell Health,New Hyde Park,NY,6025,1591,2435,640,21,20,6205,2,360281,TRUE,TRUE
HSI00000768,Northwest Community Healthcare,Arlington Heights,IL,292,110,0,37,1,1,340,1,18258,TRUE,TRUE
HSI00000770,Northwestern Medicine,Chicago,IL,2596,689,604,286,9,8,1907,1,103409,TRUE,TRUE
HSI00000771,Norton Healthcare,Louisville,KY,880,347,175,184,8,8,1489,2,76924,TRUE,TRUE
HSI00000773,Novant Health,Winston Salem,NC,2045,807,30,538,13,12,2225,2,115683,TRUE,TRUE
HSI00000776,OSF Healthcare System,Peoria,IL,1172,496,198,197,17,17,1805,2,82614,TRUE,TRUE
HSI00000780,Ochsner Health System,New Orleans,LA,1754,537,382,142,15,13,1613,2,64287,TRUE,TRUE
HSI00000784,Ohiohealth,Columbus,OH,1624,560,355,324,13,13,2191,1,112879,FALSE,TRUE
HSI00000788,Olathe Health System,Olathe,KS,171,79,0,42,2,2,261,1,11616,TRUE,TRUE
HSI00000789,Olmsted Medical Center,Rochester,MN,115,56,0,19,1,1,61,1,2238,FALSE,TRUE
HSI00000792,Oneida Healthcare,Oneida,NY,61,29,0,19,1,1,101,1,2456,TRUE,TRUE
HSI00000795,Oregon Health and Science University,Portland,OR,2351,584,477,63,1,1,556,1,29230,TRUE,TRUE
HSI00000796,Orlando Health,Orlando,FL,902,300,244,144,3,3,1797,1,106594,FALSE,TRUE
HSI00000798,Oswego Health,Oswego,NY,64,34,0,25,1,1,132,1,3171,TRUE,TRUE
HSI00000802,Owensboro Health,Owensboro,KY,203,58,0,55,2,2,474,1,15751,TRUE,TRUE
HSI00000804,Ozarks Community Hospital Health System,Springfield,MO,54,32,0,19,1,1,25,1,402,FALSE,FALSE
HSI00000805,PIH Health,Whittier,CA,294,,38,,2,2,531,1,24375,TRUE,TRUE
HSI00000807,Palmetto Health,Columbia,SC,901,372,203,128,5,5,1340,1,54756,TRUE,TRUE
HSI00000809,Palomar Health,Escondido,CA,169,32,6,11,2,2,451,1,27304,TRUE,TRUE
HSI00000811,Parkview Health System,Fort Wayne,IN,3003,238,17,172,7,6,696,1,39000,FALSE,TRUE
HSI00000812,Parrish Healthcare,Titusville,FL,68,27,0,14,1,1,210,1,6856,TRUE,TRUE
HSI00000813,Partners Healthcare System,Boston,MA,7802,1880,1181,466,14,9,2690,2,145646,TRUE,TRUE
HSI00000814,Peacehealth,Vancouver,WA,2145,796,25,231,16,15,1939,3,120600,TRUE,TRUE
HSI00000818,Peninsula Regional Health System,Salisbury,MD,168,60,0,17,1,1,289,1,17214,TRUE,TRUE
HSI00000819,Penn Highlands Healthcare,Du Bois,PA,219,72,5,91,4,4,291,1,12508,TRUE,TRUE
HSI00000820,University of Pennsylvania Health System,Philadelphia,PA,5044,989,1080,376,9,8,2788,2,153934,TRUE,TRUE
HSI00000821,Penn State Milton S Hershey Medical Center,Hershey,PA,1385,402,617,89,2,2,728,1,36170,TRUE,TRUE
HSI00000823,Phoebe Putney Health Systems,Albany,GA,242,92,20,66,6,6,561,1,21467,FALSE,TRUE
HSI00000824,Phoenix Childrens Hospital,Phoenix,AZ,476,195,127,21,1,1,433,1,13017,TRUE,TRUE
HSI00000826,Piedmont Healthcare,Atlanta,GA,1193,477,69,253,12,12,2155,1,141989,TRUE,TRUE
HSI00000833,Pomona Valley Hospital Medical Center,Pomona,CA,115,46,21,12,1,1,388,1,22199,TRUE,TRUE
HSI00000842,Premier Health,Dayton,OH,1000,253,125,201,3,3,1096,1,42356,FALSE,TRUE
HSI00000843,Presbyterian Healthcare Services,Albuquerque,NM,729,330,3,81,9,9,900,1,46273,TRUE,TRUE
HSI00000845,Prime Healthcare Services,Ontario,CA,1686,436,356,207,44,42,6201,3,258930,FALSE,FALSE
HSI00000847,Prohealth Care,Waukesha,WI,365,164,21,56,3,2,298,1,15284,TRUE,TRUE
HSI00000848,ProMedica Health System,Toledo,OH,843,275,165,246,12,12,1526,2,60178,TRUE,TRUE
HSI00000851,Prospect Medical Holdings,Los Angeles,CA,2432,1521,279,177,16,14,2505,3,91480,TRUE,TRUE
HSI00000852,Providence Saint Joseph Health,Renton,WA,12638,4412,403,1237,56,54,9696,3,472901,TRUE,TRUE
HSI00000863,RWJBarnabas Health,West Orange,NJ,2037,604,858,243,14,13,3779,1,173843,FALSE,TRUE
HSI00000864,Rady Childrens Hospital,San Diego,CA,636,249,110,59,1,1,401,1,20313,TRUE,TRUE
HSI00000866,Tower Health,West Reading,PA,678,293,133,150,7,6,1200,1,59934,TRUE,TRUE
HSI00000868,Regional Health,Rapid City,SD,298,120,17,35,13,11,548,3,19658,TRUE,TRUE
HSI00000870,Regional One Health,Memphis,TN,123,25,150,15,2,1,288,1,11068,FALSE,TRUE
HSI00000871,Regional West Health Services,Scottsbluff,NE,119,37,0,33,3,2,132,1,5216,TRUE,TRUE
HSI00000873,Reid Health,Richmond,IN,190,64,9,30,1,1,163,1,11011,TRUE,TRUE
HSI00000874,Renown Health,Reno,NV,501,186,70,71,3,2,713,1,38396,FALSE,TRUE
HSI00000879,Richmond University Medical Center,Staten Island,NY,198,55,139,4,1,1,260,1,12978,TRUE,TRUE
HSI00000880,Rideout Health Group,Yuba City,CA,91,30,0,24,1,1,209,1,11240,TRUE,TRUE
HSI00000881,Ridgeview Medical Center,Waconia,MN,105,44,0,35,3,3,138,1,6297,TRUE,TRUE
HSI00000882,Riverside Health Care System,Yonkers,NY,116,38,24,6,2,2,326,1,16191,TRUE,TRUE
HSI00000883,Riverside Health System,Newport News,VA,2996,174,62,121,6,5,623,1,28782,TRUE,TRUE
HSI00000885,Riverside University Health System,Moreno Valley,CA,323,146,117,13,1,1,439,1,19161,TRUE,TRUE
HSI00000887,Riverview Health,Noblesville,IN,89,40,0,32,1,1,105,1,3803,TRUE,TRUE
HSI00000889,Rochester Regional Health System,Rochester,NY,1383,421,171,198,5,5,1092,1,57248,TRUE,TRUE
HSI00000896,Rush Health Systems,Meridian,MS,153,75,13,45,7,6,307,2,6252,FALSE,TRUE
HSI00000897,Rush System for Health,Chicago,IL,1590,439,594,108,4,4,1224,1,54954,TRUE,TRUE
HSI00000900,Rutland Regional Health Services,Rutland,VT,109,14,0,13,1,1,124,1,6472,TRUE,TRUE
HSI00000902,SSM Health,Saint Louis,MO,3312,1187,596,424,37,34,3961,3,189444,TRUE,TRUE
HSI00000903,SUNY Downstate Medical Center,Brooklyn,NY,907,195,297,52,1,1,305,1,11032,TRUE,TRUE
HSI00000904,SUNY Upstate Medical University,Syracuse,NY,1153,216,388,77,2,2,641,1,30776,TRUE,TRUE
HSI00000910,SBH Health System,Bronx,NY,351,121,286,29,1,1,283,1,12826,TRUE,TRUE
HSI00000911,Saint Bernards Healthcare,Jonesboro,AR,179,53,17,37,3,2,342,1,17400,TRUE,TRUE
HSI00000912,Saint Charles Health System,Bend,OR,238,75,1,24,4,4,311,1,19261,FALSE,TRUE
HSI00000913,Saint Clair Memorial Hospital,Pittsburgh,PA,134,53,0,22,1,1,295,1,14744,TRUE,TRUE
HSI00000914,Saint Claire Regional Medical Center,Morehead,KY,75,37,10,12,1,1,91,1,4517,TRUE,TRUE
HSI00000916,Saint Dominic Health Services,Jackson,MS,169,73,0,41,1,1,545,1,23247,TRUE,TRUE
HSI00000917,Saint Elizabeth Healthcare,Edgewood,KY,545,212,26,113,4,4,764,1,50298,TRUE,TRUE
HSI00000919,Saint Francis Health System,Tulsa,OK,486,182,191,80,8,7,1401,1,62525,TRUE,TRUE
HSI00000920,Saint Francis Healthcare System,Cape Girardeau,MO,178,71,0,33,1,1,284,1,11055,TRUE,TRUE
HSI00000925,Saint Joseph Medical Center,Yonkers,NY,119,45,36,12,1,1,124,1,4097,TRUE,TRUE
HSI00000927,Saint Josephs Candler Health System,Savannah,GA,142,47,0,75,2,2,422,1,22182,FALSE,TRUE
HSI00000929,Saint Josephs Healthcare System,Paterson,NJ,453,106,221,44,2,2,681,1,34356,TRUE,TRUE
HSI00000930,Saint Lawrence Health System,Potsdam,NY,98,34,0,28,2,2,119,1,5130,TRUE,TRUE
HSI00000933,Saint Lukes Episcopal Presbyterian Hospital,Chesterfield,MO,355,150,74,44,2,2,496,1,18910,TRUE,TRUE
HSI00000934,Saint Lukes Health System,Boise,ID,864,322,8,194,9,8,819,1,47381,TRUE,TRUE
HSI00000935,Saint Lukes Health System,Kansas City,MO,714,216,109,101,11,8,908,2,52383,TRUE,TRUE
HSI00000936,Saint Lukes University Health Network,Bethlehem,PA,1092,420,208,290,9,9,1058,2,62140,TRUE,TRUE
HSI00000937,Saint Lukes Hospital of Duluth,Duluth,MN,240,104,8,43,2,2,254,1,11134,TRUE,TRUE
HSI00000942,Saint Peters Healthcare System,New Brunswick,NJ,264,76,119,32,1,1,359,1,18870,TRUE,TRUE
HSI00000943,St. Peters Health,Helena,MT,88,33,0,4,1,1,101,1,5015,TRUE,TRUE
HSI00000944,Slidell Memorial Hospital,Slidell,LA,78,32,2,11,1,1,231,1,8747,TRUE,TRUE
HSI00000947,Salem Health,Salem,OR,126,36,0,7,2,2,406,1,24313,TRUE,TRUE
HSI00000948,Salina Regional Health Center,Salina,KS,124,57,14,28,4,3,222,1,7205,TRUE,TRUE
HSI00000949,Salinas Valley Memorial Healthcare System,Salinas,CA,223,82,0,37,1,1,263,1,10926,TRUE,TRUE
HSI00000951,Samaritan Health Services,Corvallis,OR,545,235,81,98,5,5,311,1,14551,TRUE,TRUE
HSI00000952,Samaritan Health System,Watertown,NY,95,31,12,21,1,1,238,1,7155,FALSE,TRUE
HSI00000954,San Antonio Regional Hospital,Upland,CA,78,13,0,5,1,1,363,1,17280,TRUE,TRUE
HSI00000956,San Juan Regional Medical Center,Farmington,NM,94,29,0,17,2,1,184,1,9503,TRUE,TRUE
HSI00000958,Sanford Health,Sioux Falls,SD,1580,616,137,257,39,38,1858,3,76888,TRUE,TRUE
HSI00000959,Santa Clara Valley Health and Hospital System,San Jose,CA,783,307,164,43,1,1,393,1,19675,TRUE,TRUE
HSI00000961,Sarah Bush Lincoln Health System,Mattoon,IL,99,38,0,29,1,1,86,1,6319,TRUE,TRUE
HSI00000962,Sarasota Memorial Health Care System,Sarasota,FL,259,122,3,55,1,1,664,1,31064,FALSE,TRUE
HSI00000968,Scripps Health,San Diego,CA,1237,482,161,107,5,5,1242,1,66294,TRUE,TRUE
HSI00000969,Seattle Childrens Hospital Research and Foundation,Seattle,WA,783,269,249,19,1,1,348,1,12007,TRUE,TRUE
HSI00000972,Sentara Healthcare,Norfolk,VA,2542,467,153,324,13,12,2377,2,134535,FALSE,TRUE
HSI00000975,Shannon Health System,San Angelo,TX,203,77,0,39,1,1,258,1,12592,TRUE,TRUE
HSI00000977,Sharp Healthcare,San Diego,CA,1623,557,0,248,6,5,1552,1,74724,TRUE,TRUE
HSI00000981,Shriners Hospitals for Children,Tampa,FL,255,19,,3,18,4,,3,,TRUE,TRUE
HSI00000984,Signature Healthcare,Brockton,MA,254,96,15,29,1,1,175,1,9983,TRUE,TRUE
HSI00000985,Silver Cross Hospital,New Lenox,IL,76,34,0,14,1,1,257,1,18680,TRUE,TRUE
HSI00000987,Sinai Health System,Chicago,IL,267,89,116,34,3,2,455,1,20867,TRUE,TRUE
HSI00000988,Singing River Health System,Gautier,MS,110,27,0,23,1,1,350,1,16099,TRUE,TRUE
HSI00000990,Sisters of Charity Health System,Cleveland,OH,152,63,95,39,2,2,418,1,20543,TRUE,TRUE
HSI00000991,SCL Health,Broomfield,CO,1273,364,139,129,10,10,1536,2,79016,TRUE,TRUE
HSI00000994,Sky Lakes Medical Center,Klamath Falls,OR,115,65,22,16,1,1,105,1,5259,TRUE,TRUE
HSI00000998,South County Health,Wakefield,RI,89,31,0,25,1,1,91,1,6502,TRUE,TRUE
HSI00000999,South Georgia Medical Center,Valdosta,GA,135,37,0,13,4,4,365,1,13515,TRUE,TRUE
HSI00001002,South Shore Health System,South Weymouth,MA,330,120,0,10,1,1,368,1,25831,TRUE,TRUE
HSI00001004,Southcoast Health System,New Bedford,MA,486,160,0,101,1,1,835,1,34175,TRUE,TRUE
HSI00001005,Southeast Health,Dothan,AL,148,57,0,19,1,1,387,1,19677,TRUE,TRUE
HSI00001006,Southeast Georgia Health System,Brunswick,GA,167,54,0,49,2,2,340,1,14605,TRUE,TRUE
HSI00001007,Southeast Health,Cape Girardeau,MO,107,39,0,33,3,3,265,1,8828,TRUE,TRUE
HSI00001009,Southern Illinois Healthcare,Carbondale,IL,209,80,13,40,3,3,277,1,17773,FALSE,TRUE
HSI00001016,Southwestern Vermont Health Care,Bennington,VT,94,35,2,22,1,1,78,1,3402,TRUE,TRUE
HSI00001018,Sparrow Health System,Lansing,MI,466,185,1,76,5,4,631,1,32112,TRUE,TRUE
HSI00001020,Spartanburg Regional Healthcare System,Spartanburg,SC,481,196,56,89,4,3,574,1,32840,TRUE,TRUE
HSI00001021,Spectrum Health,Grand Rapids,MI,1538,584,246,213,11,11,1430,1,85665,TRUE,TRUE
HSI00001022,Springfield Medical Care Systems,Springfield,VT,56,25,0,14,1,1,25,1,1579,TRUE,TRUE
HSI00001032,Stamford Health,Stamford,CT,317,91,67,79,1,1,279,1,13888,FALSE,TRUE
HSI00001033,Stanford Health Care,Stanford,CA,3081,691,792,206,3,3,916,1,47859,TRUE,TRUE
HSI00001037,Steward Health Care System,Dallas,TX,3768,1117,358,433,36,31,4077,3,172703,TRUE,FALSE
HSI00001038,Stony Brook Medicine,Stony Brook,NY,907,225,534,105,3,3,763,1,41045,TRUE,TRUE
HSI00001039,Stormont Vail Health,Topeka,KS,297,119,1,37,1,1,437,1,25514,TRUE,TRUE
HSI00001041,Sturdy Memorial Hospital,Attleboro,MA,125,45,0,16,1,1,131,1,6782,TRUE,TRUE
HSI00001042,Success Healthcare,Boca Raton,FL,56,21,2,2,2,2,358,2,9323,FALSE,FALSE
HSI00001043,Summa Health System,Akron,OH,629,197,251,102,4,3,662,1,32608,TRUE,TRUE
HSI00001045,Summit Health,Chambersburg,PA,246,82,1,55,2,2,286,1,12666,FALSE,TRUE
HSI00001050,Sutter Health,Sacramento,CA,6265,2345,146,697,27,24,3784,2,177974,TRUE,TRUE
HSI00001053,T J Regional Health,Glasgow,KY,77,34,11,10,1,1,117,1,5122,TRUE,TRUE
HSI00001055,TMC Healthcare,Tucson,AZ,126,57,42,20,1,1,441,1,32508,FALSE,TRUE
HSI00001059,Tahoe Forest Health System,Truckee,CA,70,19,0,14,2,2,29,2,1696,FALSE,TRUE
HSI00001060,Tallahassee Memorial Healthcare,Tallahassee,FL,332,155,60,48,3,3,462,1,30742,FALSE,TRUE
HSI00001061,Tanner Health System,Carrollton,GA,301,54,0,52,4,4,236,2,12079,TRUE,TRUE
HSI00001063,JPS Health Network,Fort Worth,TX,527,237,193,59,1,1,408,1,25444,FALSE,TRUE
HSI00001065,Temple University Health System,Philadelphia,PA,1331,330,440,97,3,2,744,1,31960,TRUE,TRUE
HSI00001066,Tenet Healthcare Corporation,Dallas,TX,7580,1843,1539,957,81,68,15006,3,675646,TRUE,FALSE
HSI00001069,Texas Childrens Hospital,Houston,TX,1242,468,410,92,1,1,743,1,33343,TRUE,TRUE
HSI00001072,Texas Health Resources,Arlington,TX,1262,545,36,306,19,16,3034,1,159319,FALSE,TRUE
HSI00001073,Kings Daughters Health,Madison,IN,55,22,0,8,1,1,88,1,3240,TRUE,TRUE
HSI00001074,The Carle Foundation,Urbana,IL,645,258,55,52,3,3,460,1,27003,TRUE,TRUE
HSI00001075,The Childrens Hospital of Philadelphia,Philadelphia,PA,1434,613,418,82,1,1,541,1,20250,TRUE,TRUE
HSI00001076,The Childrens Mercy Hospitals and Clinics,Kansas City,MO,913,424,181,39,2,2,351,2,15198,TRUE,TRUE
HSI00001077,The Christ Hospital Health Network,Cincinnati,OH,396,131,79,117,1,1,473,1,23802,TRUE,TRUE
HSI00001078,The Cleveland Clinic Health System,Cleveland,OH,4789,1184,1258,321,18,14,3705,2,185509,TRUE,TRUE
HSI00001079,The Cooper Health System,Camden,NJ,586,143,310,111,1,1,575,1,30026,TRUE,TRUE
HSI00001080,The Erie County Medical Center Corporation,Buffalo,NY,247,58,158,10,1,1,322,1,15506,TRUE,TRUE
HSI00001081,Houston Methodist,Houston,TX,1550,317,235,153,8,7,2153,1,100611,TRUE,TRUE
HSI00001082,The Methodist Hospitals,Gary,IN,130,22,3,30,1,1,445,1,14473,TRUE,TRUE
HSI00001083,The Metrohealth System,Cleveland,OH,926,338,363,34,1,1,499,1,19624,TRUE,TRUE
HSI00001084,The Morris Hospital and Healthcare Centers,Morris,IL,73,32,0,25,1,1,89,1,4508,FALSE,TRUE
HSI00001085,The Nebraska Medical Center,Omaha,NE,1164,318,374,104,4,3,633,2,34044,TRUE,TRUE
HSI00001086,The Ohio State University Wexner Medical Center,Columbus,OH,2156,464,510,170,15,13,1328,1,63583,TRUE,TRUE
HSI00001087,The Queens Health Systems,Honolulu,HI,403,128,102,39,4,4,663,1,29945,TRUE,TRUE
HSI00001089,The University of Chicago Medicine,Chicago,IL,1417,375,617,69,2,2,916,1,43540,TRUE,TRUE
HSI00001090,The University of Toledo Medical Center,Toledo,OH,494,128,163,26,1,1,212,1,9624,TRUE,TRUE
HSI00001092,ThedaCare,Appleton,WI,381,173,11,74,7,7,411,1,23180,TRUE,TRUE
HSI00001093,Thomas Health System,Charleston,WV,92,40,0,22,2,2,291,1,7167,TRUE,TRUE
HSI00001096,Tidelands Health,Georgetown,SC,142,65,2,51,2,2,255,1,10686,TRUE,TRUE
HSI00001097,Tift Regional Health System,Tifton,GA,116,45,0,24,2,2,214,1,9571,FALSE,TRUE
HSI00001104,TriHealth,Cincinnati,OH,868,359,43,178,3,2,402,1,25927,TRUE,TRUE
HSI00001105,Trinitas Regional Medical Center,Elizabeth,NJ,155,32,44,21,2,1,220,1,11698,TRUE,TRUE
HSI00001106,Trinity Health,Livonia,MI,11236,4106,2026,1461,91,87,15319,3,811030,TRUE,TRUE
HSI00001107,Trinity Health,Minot,ND,150,46,8,40,3,3,177,1,7303,TRUE,TRUE
HSI00001109,Trios Health,Kennewick,WA,96,49,20,18,1,1,111,1,5691,FALSE,TRUE
HSI00001110,Truman Medical Centers,Kansas City,MO,614,177,239,19,2,2,348,1,18207,FALSE,TRUE
HSI00001111,Tuality Healthcare,Hillsboro,OR,106,26,0,16,2,2,194,1,3337,FALSE,TRUE
HSI00001112,Tufts Medical Center,Boston,MA,1056,261,316,55,1,1,364,1,17582,TRUE,TRUE
HSI00001116,UAB Health System,Birmingham,AL,1459,388,529,144,5,4,1334,1,52370,TRUE,TRUE
HSI00001118,UC Health,Cincinnati,OH,1924,201,472,117,5,2,630,1,33196,TRUE,TRUE
HSI00001121,UF Health,Gainesville,FL,2147,527,951,155,2,2,1520,1,75423,FALSE,TRUE
HSI00001122,UMass Memorial Health Care,Worcester,MA,1422,460,518,133,5,5,787,1,48653,TRUE,TRUE
HSI00001123,UNC Health Care System,Chapel Hill,NC,2173,605,688,345,11,11,2564,2,119146,TRUE,TRUE
HSI00001125,UNM Hospitals,Albuquerque,NM,875,332,446,58,2,2,532,1,28539,TRUE,TRUE
HSI00001126,UPMC,Pittsburgh,PA,5397,1702,1648,1064,34,32,6290,2,277184,TRUE,TRUE
HSI00001130,USMD Health System,Irving,TX,250,111,0,60,2,2,42,1,1823,TRUE,FALSE
HSI00001132,UW Health,Madison,WI,1910,530,463,153,3,2,899,2,45023,TRUE,TRUE
HSI00001133,UW Medicine,Seattle,WA,3615,934,775,228,4,4,1219,1,62280,TRUE,TRUE
HSI00001136,Union Hospital,Elkton,MD,91,28,0,30,1,1,96,1,5140,TRUE,TRUE
HSI00001137,Union Health,Terre Haute,IN,196,78,21,40,2,2,258,1,16733,TRUE,TRUE
HSI00001138,United Health Services,Binghamton,NY,306,118,73,74,3,3,449,1,15884,TRUE,TRUE
HSI00001143,United Regional Health Care System,Wichita Falls,TX,83,39,18,9,1,1,256,1,14858,FALSE,TRUE
HSI00001145,Unity Health,Searcy,AR,123,47,25,15,3,2,202,1,12689,TRUE,TRUE
HSI00001146,Unitypoint Health,West Des Moines,IA,1881,838,194,372,36,36,3086,3,140771,TRUE,TRUE
HSI00001148,Universal Health Services,Norristown,PA,2680,660,510,182,159,26,5359,3,277444,TRUE,FALSE
HSI00001151,University Health Care System,Augusta,GA,298,103,7,57,3,3,585,1,26546,TRUE,TRUE
HSI00001153,University of Tennessee Medical Center,Knoxville,TN,603,203,205,80,1,1,589,1,28964,TRUE,TRUE
HSI00001154,University Hospital,Newark,NJ,644,139,322,34,2,1,379,1,16180,FALSE,TRUE
HSI00001155,University of Mississippi Health Care,Jackson,MS,1232,247,535,51,3,3,774,1,32514,FALSE,TRUE
HSI00001156,University Hospitals,Shaker Heights,OH,2934,969,894,401,17,14,2257,1,114092,TRUE,TRUE
HSI00001159,University Medical Center Health System,Lubbock,TX,139,76,212,35,1,1,458,1,21018,FALSE,TRUE
HSI00001160,University Medical Center of Southern Nevada,Las Vegas,NV,365,142,198,18,1,1,497,1,24388,FALSE,TRUE
HSI00001165,University of Texas Health System,Austin,TX,5492,1037,726,192,7,5,1218,1,60628,TRUE,TRUE
HSI00001166,University of Arkansas for Medical Sciences,Little Rock,AR,1047,363,325,48,1,1,494,1,27996,TRUE,TRUE
HSI00001168,UC Health,Oakland,CA,10147,2570,2718,641,10,8,3292,1,166032,TRUE,TRUE
HSI00001169,University of Colorado Health,Aurora,CO,2846,741,654,267,11,11,2061,2,102826,TRUE,TRUE
HSI00001170,University of Connecticut Health Center,Farmington,CT,625,143,218,27,1,1,142,1,9334,FALSE,TRUE
HSI00001171,University of Illinois Medical Center,Chicago,IL,1380,338,493,90,1,1,434,1,19291,TRUE,TRUE
HSI00001172,University of Iowa Hospitals and Clinics,Iowa City,IA,1874,498,596,59,3,3,749,1,33773,TRUE,TRUE
HSI00001173,The University of Kansas Health System,Kansas City,KS,2162,761,360,119,6,6,1274,1,53322,TRUE,TRUE
HSI00001174,University of Kentucky Healthcare,Lexington,KY,1667,443,527,70,3,2,883,1,40909,TRUE,TRUE
HSI00001175,University of Maryland Medical System,Baltimore,MD,2390,623,723,231,14,12,2474,1,112346,TRUE,TRUE
HSI00001176,University of Miami Health System,Miami,FL,2598,193,118,119,3,1,476,1,21421,TRUE,TRUE
HSI00001177,University of Michigan Health System,Ann Arbor,MI,3263,883,1035,123,2,2,1117,1,55339,TRUE,TRUE
HSI00001178,University of Missouri Health Care,Columbia,MO,1219,374,381,65,5,4,629,1,31116,TRUE,TRUE
HSI00001179,University of Rochester Medical Center,Rochester,NY,1686,447,742,177,6,6,1201,1,65224,TRUE,TRUE
HSI00001180,University of South Alabama Hospitals,Mobile,AL,431,135,139,31,2,1,148,1,7794,FALSE,TRUE
HSI00001181,University of Southern California,Los Angeles,CA,1744,284,139,67,3,2,423,1,17695,TRUE,TRUE
HSI00001184,University of Utah Hospitals and Clinics,Salt Lake City,UT,1394,266,379,109,2,1,516,1,31550,TRUE,TRUE
HSI00001185,University of Vermont Health Network,Burlington,VT,1188,359,279,171,7,7,932,2,35736,TRUE,TRUE
HSI00001186,University of Virginia Health System,Charlottesville,VA,1374,237,654,140,2,1,577,1,28950,TRUE,TRUE
HSI00001188,Upper Peninsula Health Care Solutions,Marquette,MI,151,56,0,29,6,6,250,1,6540,TRUE,TRUE
HSI00001213,VCU Health System,Richmond,VA,886,184,467,115,4,2,767,1,39616,FALSE,TRUE
HSI00001214,Vail Health,Vail,CO,96,17,0,21,1,1,56,1,2075,TRUE,TRUE
HSI00001217,Valley Health System,Winchester,VA,267,96,16,67,6,6,524,2,25322,TRUE,TRUE
HSI00001218,Valley Health System,Ridgewood,NJ,315,110,0,76,1,1,365,1,22190,TRUE,TRUE
HSI00001219,Valley Health Systems,Holyoke,MA,113,43,0,12,1,1,165,1,5602,TRUE,TRUE
HSI00001222,Vanderbilt University Medical Center,Nashville,TN,2084,395,732,146,1,1,941,1,57902,TRUE,TRUE
HSI00001223,Ventura County Health Care Agency,Ventura,CA,298,168,42,45,1,1,272,1,13756,FALSE,TRUE
HSI00001224,Verity Health System,El Segundo,CA,409,74,27,35,6,6,1334,1,50332,TRUE,TRUE
HSI00001230,Vidant Health,Greenville,NC,715,210,316,97,8,8,1126,1,52075,TRUE,TRUE
HSI00001232,Virginia Mason Health System,Seattle,WA,872,285,116,30,2,2,405,1,22146,TRUE,TRUE
HSI00001233,Virtua Health,Marlton,NJ,647,222,40,122,3,3,904,1,51439,TRUE,TRUE
HSI00001235,Wake Forest University Baptist Medical Center,Winston Salem,NC,1387,351,607,178,6,6,1285,1,56652,TRUE,TRUE
HSI00001236,Wakemed Health and Hospitals,Raleigh,NC,371,97,58,69,2,2,741,1,42324,TRUE,TRUE
HSI00001238,Washington Health System,Washington,PA,158,83,20,40,2,2,237,1,10483,TRUE,TRUE
HSI00001239,Washington Hospital Healthcare System,Fremont,CA,133,32,0,27,1,1,289,1,12546,TRUE,TRUE
HSI00001240,Washington Regional,Fayetteville,AR,132,51,21,33,1,1,340,1,16794,TRUE,TRUE
HSI00001243,Wellspan Health,York,PA,1065,409,163,223,6,4,823,1,47808,TRUE,TRUE
HSI00001244,WellStar Health System,Marietta,GA,1790,457,119,330,11,10,2319,1,111262,FALSE,TRUE
HSI00001250,West Tennessee Healthcare,Jackson,TN,209,80,21,54,8,7,1009,1,39149,TRUE,TRUE
HSI00001251,West Virginia United Health System,Morgantown,WV,1184,373,398,141,10,10,1338,1,67870,TRUE,TRUE
HSI00001252,Westchester Medical Center,Valhalla,NY,801,137,344,67,8,8,1361,1,50071,TRUE,TRUE
HSI00001253,Western Connecticut Health Network,Danbury,CT,786,235,155,72,3,3,585,1,29922,FALSE,TRUE
HSI00001255,Western Maryland Health System,Cumberland,MD,110,27,0,35,1,1,200,1,12168,TRUE,TRUE
HSI00001259,Wheeling Hospital,Wheeling,WV,178,82,22,36,3,3,270,2,10905,TRUE,TRUE
HSI00001260,White River Health System,Batesville,AR,112,48,3,40,2,2,212,1,7704,TRUE,TRUE
HSI00001263,Willis-Knighton Health System,Shreveport,LA,358,134,32,107,3,3,746,1,34386,TRUE,TRUE
HSI00001264,Winona Health,Winona,MN,67,21,0,7,1,1,53,1,1930,TRUE,TRUE
HSI00001269,Witham Health Services,Lebanon,IN,74,26,0,22,1,1,68,1,2308,TRUE,TRUE
HSI00001271,Wyoming Medical Center,Casper,WY,60,22,0,7,1,1,191,1,8707,FALSE,TRUE
HSI00001272,Yale New Haven Health System,New Haven,CT,2779,686,909,354,6,6,2076,2,111890,FALSE,TRUE
HSI00001273,Yavapai Regional Medical Center,Prescott,AZ,121,38,0,24,2,2,206,1,11401,TRUE,TRUE
HSI00001274,York Hospital,York,ME,108,35,0,35,1,1,66,1,3166,TRUE,TRUE
HSI00001275,Yuma Regional Medical Center,Yuma,AZ,123,47,18,14,1,1,406,1,16317,FALSE,TRUE
HSI00001277,Advocate Aurora Health,Downers Grove,IL,5370,2027,788,807,27,24,5117,2,263330,TRUE,TRUE
HSI00001278,American Academic Health System,El Segundo,CA,534,201,558,18,2,2,595,1,25305,TRUE,FALSE
HSI00001281,Astria Health System,Sunnyside,WA,105,32,9,37,3,3,185,1,6451,TRUE,TRUE
HSI00001284,Ballad Health,Johnson City,TN,843,309,251,186,21,20,2054,2,95982,TRUE,TRUE
HSI00001286,Bristol Hospital,Bristol,CT,84,26,0,23,1,1,90,1,5963,TRUE,TRUE
HSI00001287,Broadlawns Medical Center,Des Moines,IA,122,68,29,2,1,1,117,1,3266,TRUE,TRUE
HSI00001288,Brookdale University Hospital And Medical Center,Brooklyn,NY,376,120,235,9,1,1,288,1,11867,TRUE,TRUE
HSI00001308,Gifford Health Care,Randolph,VT,55,25,0,2,1,1,29,1,1279,TRUE,TRUE
HSI00001309,Goshen Health,Goshen,IN,115,47,0,39,1,1,123,1,6840,TRUE,TRUE
HSI00001313,Greenwood Leflore Hospital,Greenwood,MS,55,17,0,18,1,1,173,1,5070,TRUE,TRUE
HSI00001314,Hancock Health,Greenfield,IN,75,32,0,17,1,1,61,1,2652,TRUE,TRUE
HSI00001319,Holland Hospital,Holland,MI,60,20,0,6,1,1,173,1,8131,TRUE,TRUE
HSI00001324,Indiana Regional Medical Center,Indiana,PA,55,14,0,9,1,1,134,1,6033,TRUE,TRUE
HSI00001330,Memorial Hospital and Manor,Bainbridge,GA,55,15,0,8,1,1,80,1,1945,FALSE,TRUE
HSI00001335,Nathan Littauer Hospital Association,Gloversville,NY,53,31,0,10,1,1,62,1,2585,TRUE,TRUE
HSI00001339,North Country Healthcare,Littleton,NH,88,,0,,4,4,91,1,3276,TRUE,TRUE
HSI00001340,Palos Health,Palos Heights,IL,113,35,0,9,1,1,377,1,18652,TRUE,TRUE
HSI00001341,Parkview Medical Center,Pueblo,CO,170,82,45,16,1,1,276,1,13976,TRUE,TRUE
HSI00001351,San Francisco Health Network,San Francisco,CA,617,292,264,21,2,1,284,1,15089,FALSE,TRUE
HSI00001352,Schneck Medical Center,Seymour,IN,57,20,0,10,1,1,92,1,2708,TRUE,TRUE
HSI00001354,Self Regional Healthcare,Greenwood,SC,77,22,28,3,1,1,290,1,10903,TRUE,TRUE
HSI00001356,Island Hospital,Anacortes,WA,53,28,0,10,1,1,42,1,3012,TRUE,TRUE
HSI00001358,Southern New Hampshire Health,Nashua,NH,258,89,4,55,1,1,150,1,7739,TRUE,TRUE
HSI00001359,Stillwater Medical Center Authority,Stillwater,OK,71,28,0,20,2,2,121,1,3914,TRUE,TRUE
HSI00001365,Valley View Hospital Association,Glenwood Springs,CO,75,18,0,8,1,1,49,1,3022,TRUE,TRUE
