﻿CountOfCCN,Hospital/FacilityType,use
35,ACUTE CARE HOSPITAL-DOD,FALSE
3631,ACUTE CARE HOSPITALS,FALSE
91,CHILDRENS,FALSE
12,CHRONIC DIALYSIS CLINIC,FALSE
1361,CRITICAL ACCESS HOSPITALS,FALSE
8124,DIALYSIS FACILITY,FALSE
11751,HOME HEALTH AGENCY,TRUE
6028,HOSPICE,FALSE
826,HOSPITAL,FALSE
1232,INPATIENT REHABILITATION,TRUE
1025,INTERMEDIATE CARE FACILITY,FALSE
342,LONG TERM CARE,TRUE
152,NOT SPECIFIED,FALSE
10,OTHER,FALSE
1403,PRIMARY CARE CLINIC,FALSE
612,PSYCHIATRIC HOSPITAL,FALSE
3,PSYCHIATRIC UNIT,FALSE
5,PSYCHOLOGY CLINIC,FALSE
20,REHABILITATION,FALSE
58,REHABILITATION CLINIC,FALSE
2,REHABILITATION UNIT,FALSE
15150,SNF OR NURSING HOME,TRUE
20,SURGICAL CLINIC,FALSE
