﻿CarePrecise LLC,,,
Copyright 2008-2023. All Rights Reserved.,,,
DATA DESCRIPTIONS: THE AUTHORITATIVE HOSPITAL DATABASE (AHD),,,
,,,
Database file: AuthoritativeHospitalDB.mdb,,,
Data table: tAnalysis_Hospital,,,
Name,Description,Type,Size
CCN,Number assigned by Medicare to hospitals,Test,6
NPI,Number assigned to all HIPAA-covered providers,Text,10
EIN,Employer Identification Number (tax ID/TIN),Text,20
HospitalName,Hospital’s name,Text,255
Address1,"Hospital’s address, line 1",Text,100
Address2,"Hospital’s address, line 2",Text,100
City,Hospital’s City,Text,100
State,Hospital State,Text,2
ZIP Code,Hospital Zip Code,Text,5
County,Hospital County,Text,25
Phone,Hospital Phone,Text,10
Fax,Hospital Fax,Text,20
Beds,Number of beds,Long Integer,
BedDaysAvail,Number of bed days available,Long Integer,
InternsAndResidents,Number of interns and residents,Double,
PayrollEmployees,Number of employees on payroll,Double,
NonPaidWorkers,Number of non-paid workers,Double,
TotalDischarges,Number of discharges/year,Double,
MedicareDischarges,Number of Medicare discharges/year,Double,
MedicaidDischarges,Number of Medicaid discharges/year,Double,
Vol_Gastrointestinal,Procedure volume: Gastrointestinal,Text,20
Vol_Eye,Procedure volume: Eye,Text,20
Vol_Nervous_system,Procedure volume: Nervous system,Text,20
Vol_Musculoskeletal,Procedure volume: Musculoskeletal,Text,20
Vol_Skin,Procedure volume: Skin,Text,20
Vol_Genitourinary,Procedure volume: Genitourinary,Text,20
Vol_Cardiovascular,Procedure volume: Cardiovascular,Text,20
Vol_Respiratory,Procedure volume: Respiratory,Text,20
Vol_Other,Procedure volume: Other,Text,20
PN,Contact name prefix,Text,5
FN,Contact first name,Text,20
MN,Contact middle name,Text,20
LN,Contact last name,Text,35
SN,Contact name suffix,Text,5
Title,Contact title,Text,35
Cred,Contact credentials,Text,50
Teaching Hospital,Y = this is a Teaching Hospital,Text,1
HospitalType,Type of hospital,Text,50
HospitalOwnership,Type of hospital ownership,Text,100
ParentOrgLBN,Name of parent system,Text,100
EmergencyService,Does have emergency service?,Text,50
MedicareCases,Number of Medicare Cases/year,Double,
CoLoCode,Algorithmically derived from location data,Text,40
Bathroom cleanliness,Patient satisfaction 1-5 stars,Long Integer,
Communication from Nurses,Patient satisfaction 1-5 stars,Long Integer,
Communication from Doctors,Patient satisfaction 1-5 stars,Long Integer,
Patient received help quicklyon request,Patient satisfaction 1-5 stars,Long Integer,
Quality of pain control,Patient satisfaction 1-5 stars,Long Integer,
Medications were explained before giving,Patient satisfaction 1-5 stars,Long Integer,
Patient received instruction on at home recovery,Patient satisfaction 1-5 stars,Long Integer,
Patient understood care when leaving hospital,Patient satisfaction 1-5 stars,Long Integer,
Patient's overall hospital rating,Patient satisfaction 1-5 stars,Long Integer,
Area around room was quiet at night,Patient satisfaction 1-5 stars,Long Integer,
Patient would recommend hospital,Patient satisfaction 1-5 stars,Long Integer,
Hospital summary star rating,Patient satisfaction 1-5 stars,Long Integer,
HlthSysID,Unique ID representing the parent  system,Text,20
HlthSysName,Name of the health system parent to which the hospital belongs,Text,100
Placekey,Point of Interest (POI) code for connecting with data from other vendors,Text,24
MSA,Metropolitan Service Area,Text,10
FacilityType,"Text identifying the type of facility; i.e., identifies hospital records with the text ""HOSPITAL""",,
,,,
,,,
Database file: AuthoritativeHospitalDB.mdb,,,
Data table: tAnalysis_System,,,
Name,Description,Type,Size
HlthSysID,Unique ID representing the parent system,Text,20
HlthSysName,Name of the health system parent to which the hospital belongs,Text,100
HlthSysCity,City of parent system,Text,100
HlthSysState,State of parent system,Text,2
HlthSysPhys,Total number of health system primary care physicians,Long Integer,
HlthSysPCPhys,Number of health system primary care physicians,Long Integer,
HlthSysResidents,Number of Residents across health system,Long Integer,
HlthSysGroups,Number of practice groups in the health system,Long Integer,
HlthSysHospitals,Number of hospitals in the health system,Long Integer,
HlthSysAcuteCare,Number of acute care hospitals in the health system,Long Integer,
HlthSysBeds,Number of beds across health system,Long Integer,
HlthSysStates,Number of states in which health system operates,Long Integer,
HlthSysDischarges,Number of discharges across health system,Long Integer,
HlthSysHighUCCB,True = Health System has a high uncompensated care burden,Boolean,1
HlthSysInvestorOwned,True = Health System is predominantly investor-owned,Boolean,1
,,,
,,,
Database file: AuthoritativeHospitalDB_ServiceArea.mdb,,,
Data table: tHospServiceArea,,,
Name,Description,Type,Size
CCN,Hospital's CCN: Number assigned by Medicare to hospitals,Text,6
Zip_Hospital,Hospital location zip code,Text,10
Zip_Patient,Patient residence zip code,Text,10
DaysOfCare,Days of care provided to patients residing in Zip_Patient,Long Integer,
TotalCharges,Total charges for patients residing in Zip_Patient,Long Integer,
TotalCases,Total patients served in Zip_Patient,Long Integer,
MSA,MSA/CBSA of hospital location,Text,5
Rural/Urban_Patient,Patient resides in a Zip Code considered rural (R) or urban (U),Text,1
,,,
,,,
Database file: AuthoritativeHospitalDB_RollupNPI.mdb,,,
Data table: tAHD_Rollup_NPI>>CCN,,,
Name,Description,Type,Size
CCN,CCN for this hospital (single CCN per hospital record. Additional CCN numbers with a single business entity are not accounted for.),Text,10
NPI,NPI number for this hospital (may be many),Text,10
HospName,Legal business name for this hospital CCN record (highest priority),Text,255
ParentOrgLBN,Parent organization reported by hospital on this NPI record,Text,255
AvailableContact,"Title of available contact (full name, credentials and contact information in CP Complete and CP Advanced datasets)",,
License,Hospital license on this NPI record,Text,255
LicenseState,State issuing the license,Text,20
