﻿MASTER BUNDLE FIELD DESCRIPTIONS,,,
,,,
CPAC Dataset,,,
,,,
tAdded,,,
,,,
Index: DateDiscovered,,,
Field Name: DateDiscovered,,,
Index: NPI,,,
Field Name: NPI,,,
,,,
Index: PrimaryKey,,,
Field Name: NPI,,,
Field Name: DateDiscovered,,,
,,,
Field Name,Description,Type,Size
NPI,National Provider Identifier,Text,10
DateDiscovered,The date we discovered the added record,Date,8
,,,
,,,
tAddresses,,,
,,,
Index: PrimaryKey,,,
Field Name: NPI,,,
,,,
Field Name,Description,Type,Size
NPI,National Provider Identifier,Text,10
Mail1stAddr,Mailing address line 1,Text,55
Mail2ndAddr,Mailing address line 2,Text,55
MailCity,Mailing address city,Text,40
MailState,Mailing address state,Text,40
MailZip,Mailing address Zip Code,Text,20
MailCountry,Mailing address Country,Text,2
Prac1stAddr,Practice address line 1,Text,55
Prac2ndAddr,Practice address line 2,Text,55
PracCity,Practice address city,Text,40
PracState,Practice address state,Text,40
PracZip,Practice address zip,Text,20
PracCountry,Practice address country,Text,2
,,,
,,,
tCoLoCode,,,
,,,
Index: Addr,,,
Field Name: CoLoCode,,,
Index: NPI,,,
Field Name: NPI,,,
,,,
Index: PrimaryKey,,,
Field Name: CoLoCode,,,
Field Name: NPI,,,
,,,
Field Name,Description,Type,Size
CoLoCode,Derived algorithmically based on co-location data,Text,40
NPI,National Provider Identifier,Text,10
Group,Y= This NPI/CoLoCode record is the group entity (usually an organization),Text,1
Count,Number of providers found co-located with this group,Long Integer,4
,,,
,,,
tDeact,,,
,,,
Index: DeactDate,,,
Field Name: DeactDate,,,
Index: NPI,,,
Field Name: NPI,,,
,,,
Index: PrimaryKey,,,
Field Name: NPI,,,
Field Name: DeactDate,,,
,,,
Field Name,Description,Type,Size
NPI,National Provider Identifier of deactivated healthcare provider record,Text,10
DeactDate,Date healthcare provider record was deactivated by CMS,Text,10
DeactFound,Date CarePrecise was notified of deactivation,Date,8
,,,
,,,
tDropped,,,
,,,
Index: DateDiscovered,,,
Field Name: DateDiscovered,,,
Index: EntityType,,,
Field Name: EntityType,,,
Index: NPI,,,
Field Name: NPI,,,
,,,
Index: PrimaryKey,,,
Field Name: NPI,,,
Field Name: DateDiscovered,,,
,,,
Field Name,Description,Type,Size
NPI,National Provider Identifier,Text,10
DateDiscovered,The date CarePrecise discovered the drop,Date,8
EntityType,"1 = individual, 2 = organization",Text,1
ProvName,Concatenated name fields,Text,255
Prac1stAddr,Practice address line 1,Text,55
Prac2ndAddr,Practice address line 2,Text,55
PracCity,Practice address city,Text,40
PracState,Practice address state,Text,40
PracZip,Practice address zip,Text,20
PracCountry,Practice address country,Text,2
PracPhone,Practice address phone,Text,20
EnumDate,Date provider enumerated,Text,10
UpdateDate,Most recent record update prior to drop,Text,10
,,,
,,,
tEntity,,,
,,,
Index: NPI,,,
Field Name: NPI,,,
,,,
Index: PrimaryKey,,,
Field Name: NPI,,,
,,,
Field Name,Description,Type,Size
NPI,National Provider Identifier,Text,10
EntityType,"1 = individual, 2 = organization",Text,1
ReplacementNPI,Not currently used,Text,10
EIN,Not currently used,Text,9
EnumDate,Date record was established,Text,10
UpdateDate,Date record was last updated,Text,10
DeactReason,Not used in CPAC dataset,Text,2
DeactDate,Not used in CPAC dataset,Text,10
ReactDate,Not used in CPAC dataset,Text,10
Gender,M or F,Text,1
IsSoleProp,Y = sole proprietor,Text,1
IsOrgSubpart,Y = organization subpart/division,Text,1
ParentOrgTIN,Not currently used,Text,9
InPECOS,Y = provider is enrolled in PECOS system (eligible to bill Medicare),Text,1
Warning,Y = elements of provider's record indicate that provider may be listed in the current CMS excluded provider database (EXCLUDED.mdb),Text,1
ExclType,OIG Exclusion Type code (links to types in Exclusion Types table for descriptions),Text,10
ExclDate,OIG Exclusion date,Text,10
UPIN,"UPIN number as reported by provider (conformed). The UPIN has been deprecated as a federal identifier as of June, 2007.",Text,20
Group,Y = provider is a multi-specialty or single-specialty group practice,Text,1
County,Practice address county,Text,45
CountyFIPS,Practice address county FIPS code,Text,5
StateFIPS,Practice address state FIPS code,Text,2
TimeZone,Practice address time zone,Text,2
DLSTime,Practice address daylight savings time indicator,Text,1
MSA,Practice address MSA,Text,255
PMSA,Practice address PMSA,Text,50
Population,Population of 5-digit zip area,Long Integer,4
Zip5,5-digit zip on which county and FIPS data are based,Text,5
,,,
,,,
tHumanNames,,,
,,,
Index: NPI,,,
Field Name: NPI,,,
,,,
Index: PrimaryKey,,,
Field Name: NPI,,,
,,,
Field Name,Description,Type,Size
NPI,National Provider Identifier,Text,10
LN,Last name,Text,35
FN,First name,Text,20
MN,Middle name,Text,20
PN,"Name prefix (Mr., Dr., etc.)",Text,5
SN,"Name suffix (Jr., III, etc.)",Text,5
Cred,Credential,Text,20
OthLN,Other last name,Text,35
OthFN,Other first name,Text,20
OthMN,Other middle name,Text,20
OthPN,Other name prefix,Text,5
OthSN,Other name suffix,Text,5
OthCred,Other name credential,Text,20
OthLNType,Other name type,Text,1
AuthLN,Authorizing Official last name,Text,35
AuthFN,Authorizing Official first name,Text,20
AuthMN,Authorizing Official middle name,Text,20
AuthTitle,Authorizing Official title,Text,35
AuthPN,Authorizing Official name prefix,Text,5
AuthSN,Authorizing Official name suffix,Text,5
AuthCred,Authorizing Official credential,Text,20
,,,
,,,
tOID,,,
,,,
Index: PrimaryKey,,,
Field Name: NPI,,,
Field Name: OIDnum,,,
,,,
Field Name,Description,Type,Size
NPI,National Provider Identifier,Text,10
OIDnum,Number of Other ID field in which found (1 - 50),Integer,2
OtherID,Other ID,Text,20
OtherIDType,Other ID type,Text,2
OtherIDState,Other ID issuing state,Text,2
OtherIDIssuer,Other ID issuing body,Text,80
,,,
,,,
tOrgNames,,,
,,,
Index: NPI,,,
Field Name: NPI,,,
,,,
Index: PrimaryKey,,,
Field Name: NPI,,,
,,,
Field Name,Description,Type,Size
NPI,National Provider Identifier,Text,10
OrgName_LBN,Legal business name,Text,70
OthOrgName,Other organization name,Text,70
OthOrgNameType,Other name type,Text,1
ParentOrgLBN,Parent organization legal business name,Text,255
,,,
,,,
tPhoneFax,,,
,,,
Index: NPI,,,
Field Name: NPI,,,
,,,
Index: PrimaryKey,,,
Field Name: NPI,,,
,,,
Field Name,Description,Type,Size
NPI,National Provider Identifier,Text,10
MailPhone,Mailing address phone number,Text,20
MailFax,Mailing address fax number,Text,20
PracPhone,Practice address phone number,Text,20
PracFax,Practice address fax number,Text,20
AuthPhone,Authorizing Official phone number (Type 2 records only),Text,20
,,,
,,,
tTaxo,,,
,,,
Index: NPI,,,
Field Name: NPI,,,
,,,
Index: PrimaryKey,,,
Field Name: NPI,,,
Field Name: Tnum,,,
Index: Taxo,,,
Field Name: Taxo,,,
Index: TaxoSwitch,,,
Field Name: TaxoSwitch,,,
,,,
Field Name,Description,Type,Size
NPI,National Provider Identifier,Text,10
Tnum,Number of taxonomy field in which reported (1 - 15),Byte,1
Taxo,Taxonomy code,Text,10
Lic,License number,Text,20
LicState,Licensing state,Text,2
TaxoSwitch,Y = primary taxonomy code (primary specialty),Text,6
TaxoDescr,Taxonomy description,Text,255
,,,
,,,
tTaxoGroup,,,
,,,
Index: NPI,,,
Field Name: NPI,,,
,,,
Index: PrimaryKey,,,
Field Name: NPI,,,
Field Name: Gnum,,,
Index: TaxoGroup,,,
Field Name: TaxoGroup,,,
,,,
Field Name,Description,Type,Size
NPI,National Provider Identifier,Text,10
Gnum,Number of field (1 through 15) in which group taxonomy code was reported,Byte,1
TaxoGroup,Group taxonomy code (193200000X = Multi-Specialty Group; 193400000X = Single Specialty Group),Text,10
,,,
,,,
EPGH Dataset,,,
,,,
tExtended_Group,,,
,,,
Index: CoLoCode,,,
Field Name: CoLoCode,,,
Index: GroupPracPACID,,,
Field Name: GroupPracPACID,,,
,,,
Index: PrimaryKey,,,
Field Name: GroupPracPACID,,,
,,,
Field Name,Description,Type,Size
GroupPracPACID,Unique Group Practice ID assigned by PECOS to the Group Practice that the individual professional works with,Text,20
NPI,National Provider Identifier,Text,10
OrgLBN,Legal name of the Group Practice,Text,70
CountGroupPracMem,Total number of individual professionals affiliated with the Group Practice based on Group Practice PAC ID,Text,4
StreetAddr1,Group Practice line 1 address,Text,55
StreetAddr2,Group Practice line 2 address,Text,55
Line2Suppress,Marker that address as reported may be incomplete,Text,1
City,Group Practice city,Text,30
State,Group Practice state,Text,2
Zip,Group Practice zip code (9 digits when available),Text,9
CoLoCode,Derived algorithmically based on co-location data,Text,40
,,,
,,,
tExtended_GroupProfessional,,,
,,,
Index: GroupPracPACID,,,
Field Name: GroupPracPACID,,,
Index: NPI,,,
Field Name: NPI,,,
,,,
Index: PrimaryKey,,,
Field Name: NPI,,,
Field Name: GroupPracPACID,,,
,,,
Field Name,Description,Type,Size
NPI,Unique professional ID assigned by NPPES,Text,11
GroupPracPACID,Unique Group Practice ID assigned by PECOS to the Group Practice that the individual professional works with,Text,20
AcceptsMedicareAsmt,Y = Professional accepts Medicare approved amount as payment in full. M = Professional may accept Medicare Assignment.,Text,1
eRx,"Participates in the eRx Incentive Program, a pay-for-reporting program to encourage physicians, other providers to use electronic prescribing.",Text,1
PQRS,Participates in the Medicare Physician Quality Reporting System (PQRS) Incentive Program - a pay-for-reporting program that gives eligible professionals incentives and payment adjustments if they report quality measures satisfactorily.,Text,1
EHR,Participates in the Medicare Electronic Health Record (EHR) Incentive Program - provides incentives and payment adjustments to eligible professionals who use certified EHR technology in ways that may improve healthcare.,,
,,,
,,,
tExtended_HospAff,,,
,,,
Index: HospAffCCN,,,
Field Name: HospAffCCN,,,
Index: NPI,,,
Field Name: NPI,,,
,,,
Index: PrimaryKey,,,
Field Name: NPI,,,
Field Name: HospAffCCN,,,
,,,
Field Name,Description,Type,Size
HospAffCCN,Medicare CCN of hospital where individual professional provides service,Text,6
NPI,Unique professional ID assigned by NPPES to entity affiliated with hospital,Text,11
HospAffLBN,Legal business name of hospital where individual professional provides service,Text,70
,,,
,,,
tExtended_Hospital,,,
,,,
Index: CoLoCode,,,
Field Name: CoLoCode,,,
Index: NPI,,,
Field Name: NPI,,,
,,,
Index: PrimaryKey,,,
Field Name: CCN,,,
Index: ZIP Code,,,
Field Name: ZIP Code,,,
,,,
Field Name,Description,Type,Size
CCN,Medicare Hospital Provider Number (CMS Certification Number),Text,6
NPI,Priority National Provider Identifier; derived as best NPI based on taxonomy hierarchy,Text,10
HospitalName,Hospital name as reported by the hospital in its NPPES record,Text,255
HospitalLBN,Hospital legal business name as listed in the hospital quality data,Text,70
Address1,Hospital line 1 address,Text,100
Address2,Hospital line 2 address,Text,100
City,Hospital City,Text,100
State,Hospital State,Text,2
ZIP Code,Hospital Zip Code,Text,5
County,Hospital County,Text,25
Phone,Hospital Phone,Text,10
HospitalType,"Hospital Type, as recorded in hospital quality data",Text,50
HospitalOwnership,Hospital ownership structure,Text,100
EmergencyService,Y= Hospital has emergency service,Text,50
MedicareCases,Relative number of Medicare cases reported in hospital quality data within previous 9 month period,Double,8
CoLoCode,Derived algorithmically based on location data,Text,40
,,,
,,,
tExtended_Professional,,,
,,,
Index: NPI,,,
Field Name: NPI,,,
Index: PACID,,,
Field Name: PACID,,,
,,,
Index: PrimaryKey,,,
Field Name: NPI,,,
Field Name: PACID,,,
Field Name: ProfEnrollID,,,
Index: ProfEnrollID,,,
Field Name: ProfEnrollID,,,
,,,
Field Name,Description,Type,Size
NPI,Unique professional ID assigned by NPPES,Text,10
PACID,Unique individual professional ID assigned by PECOS,Text,20
ProfEnrollID,Unique ID for the individual professional enrollment that is the source for the data in the observation,Text,20
LN,Individual professional last name,Text,35
FN,Individual professional first name,Text,25
MN,Individual professional middle name,Text,25
Suffix,Individual professional suffix,Text,3
Gender,Individual professional gender,Text,1
Cred,"Medical credential such as MD, DO, DPM, etc.",Text,3
School,Individual professional's medical school,Text,100
GradYear,Individual professional's medical school graduation year,Text,4
PriSpec,Primary medical specialty reported by the individual professional in the selected enrollment,Text,50
AllSecSpec,"All four secondary specialties reported by the individual professional in the selected enrollment, separated by commas",Text,200
MaintenanceOfCertification,Participated in the Medicare Maintenance of Certification Program,Text,1
MillionHeartsInitiative,Committed to heart health through the Million Hearts® initiative,Text,1
,,,
,,,
PROCASE DATASET,Properly cased name and address data from CPAC,,
,,,
tProCase_Addresses_Mail,,,
,,,
Index: PrimaryKey,,,
Field Name: NPI,,,
,,,
Field Name,Description,Type,Size
NPI,National Provider Identifier,Text,10
Addr1,Mailing address line 1,Text,50
Addr2,Mailing address line 2,Text,50
City,Mailing address city,Text,50
State,Mailing address state,Text,20
Zip,Mailing address Zip Code,Text,10
Country,Mailing address country,Text,30
,,,
,,,
tProCase_Addresses_Prac,,,
,,,
Index: PrimaryKey,,,
Field Name: NPI,,,
,,,
Field Name,Description,Type,Size
NPI,National Provider Identifier,Text,10
Addr1,Practice address line 1,Text,50
Addr2,Practice address line 2,Text,50
City,Practice address city,Text,50
State,Practice address state,Text,20
Zip,Practice address Zip Code,Text,10
Country,Practice address country,Text,30
,,,
,,,
tProCase_Names,,,
,,,
Index: PrimaryKey,,,
Field Name: NPI,,,
,,,
Field Name,Description,Type,Size
NPI,National Provider Identifier,Text,10
CompanyName,Name of organization,Text,100
PN,Name prefix,Text,100
FN,First name,Text,100
MN,Middle name,Text,100
LN,Last name,Text,100
SN,Name suffice,Text,100
Cred,Credential,Text,100
Title,Title,Text,100
EntityType,"1 = individual, 2 = organization",Text,1
,,,
,,,
NPPES_DELTA DATASET,"Historical Database, deactivated records from CPAC",,
,,,
tAddresses_DEACT,,,
,,,
Index: PrimaryKey,,,
Field Name: NPI,,,
,,,
Field Name,Description,Type,Size
NPI,National Provider Identifier,Text,10
Mail1stAddr,Mailing address line 1,Text,55
Mail2ndAddr,Mailing address line 2,Text,55
MailCity,Mailing address city,Text,40
MailState,Mailing address state,Text,40
MailZip,Mailing address Zip Code,Text,20
MailCountry,Mailing address Country,Text,2
Prac1stAddr,Practice address line 1,Text,55
Prac2ndAddr,Practice address line 2,Text,55
PracCity,Practice address city,Text,40
PracState,Practice address state,Text,40
PracZip,Practice address zip,Text,20
PracCountry,Practice address country,Text,2
,,,
,,,
tEntity_DEACT,,,
,,,
Index: NPI,,,
Field Name: NPI,,,
,,,
Index: PrimaryKey,,,
Field Name: NPI,,,
,,,
Field Name,Description,Type,Size
NPI,National Provider Identifier,Text,10
EntityType,"1 = individual, 2 = organization",Text,1
ReplacementNPI,Not currently used,Text,10
EIN,Not currently used,Text,9
EnumDate,Date record was established,Text,10
UpdateDate,Date record was last updated,Text,10
DeactReason,Not used in CPAC dataset,Text,2
DeactDate,Not used in CPAC dataset,Text,10
ReactDate,Not used in CPAC dataset,Text,10
Gender,M or F,Text,1
IsSoleProp,Y = sole proprietor,Text,1
IsOrgSubpart,Y = organization subpart/division,Text,1
ParentOrgTIN,Not currently used,Text,9
InPECOS,Y = provider is enrolled in PECOS system (eligible to bill Medicare),Text,1
Warning,Y = elements of provider's record indicate that provider may be listed in the current CMS excluded provider database (EXCLUDED.mdb),Text,1
ExclType,OIG Exclusion Type code (links to types in Exclusion Types table for descriptions),Text,10
UPIN,"UPIN number as reported by provider (conformed). The UPIN has been deprecated as a federal identifier as of June, 2007.",Text,20
Group,Y = provider is a multi-specialty or single-specialty group practice,Text,1
,,,
,,,
tHumanNames_DEACT,,,
,,,
Index: NPI,,,
Field Name: NPI,,,
,,,
Index: PrimaryKey,,,
Field Name: NPI,,,
,,,
Field Name,Description,Type,Size
NPI,National Provider Identifier,Text,10
LN,Last name,Text,35
FN,First name,Text,20
MN,Middle name,Text,20
PN,"Name prefix (Mr., Dr., etc.)",Text,5
SN,"Name suffix (Jr., III, etc.)",Text,5
Cred,Credential,Text,20
OthLN,Other last name,Text,35
OthFN,Other first name,Text,20
OthMN,Other middle name,Text,20
OthPN,Other name prefix,Text,5
OthSN,Other name suffix,Text,5
OthCred,Other name credential,Text,20
OthLNType,Other name type,Text,1
AuthLN,Authorizing Official last name,Text,35
AuthFN,Authorizing Official first name,Text,20
AuthMN,Authorizing Official middle name,Text,20
AuthTitle,Authorizing Official title,Text,35
AuthPN,Authorizing Official name prefix,Text,5
AuthSN,Authorizing Official name suffix,Text,5
AuthCred,Authorizing Official credential,Text,20
,,,
,,,
tOID_DEACT,,,
,,,
Index: PrimaryKey,,,
Field Name: NPI,,,
Field Name: OIDnum,,,
,,,
Field Name,Description,Type,Size
NPI,National Provider Identifier,Text,10
OIDnum,Number of Other ID field in which found (1 - 50),Integer,2
OtherID,Other ID,Text,20
OtherIDType,Other ID type,Text,2
OtherIDState,Other ID issuing state,Text,2
OtherIDIssuer,Other ID issuing body,Text,80
,,,
,,,
tOrgNames_DEACT,,,
,,,
Index: NPI,,,
Field Name: NPI,,,
,,,
Index: PrimaryKey,,,
Field Name: NPI,,,
,,,
Field Name,Description,Type,Size
NPI,National Provider Identifier,Text,10
OrgName_LBN,Legal business name,Text,70
OthOrgName,Other organization name,Text,70
OthOrgNameType,Other name type,Text,1
ParentOrgLBN,Parent organization legal business name,Text,255
,,,
,,,
tPhoneFax_DEACT,,,
,,,
Index: NPI,,,
Field Name: NPI,,,
,,,
Index: PrimaryKey,,,
Field Name: NPI,,,
,,,
Field Name,Description,Type,Size
NPI,National Provider Identifier,Text,10
MailPhone,Mailing address phone number,Text,20
MailFax,Mailing address fax number,Text,20
PracPhone,Practice address phone number,Text,20
PracFax,Practice address fax number,Text,20
AuthPhone,Authorizing Official phone number (Type 2 records only),Text,20
,,,
,,,
tTaxo_DEACT,,,
,,,
Index: NPI,,,
Field Name: NPI,,,
,,,
Index: PrimaryKey,,,
Field Name: NPI,,,
Field Name: Tnum,,,
Index: Taxo,,,
Field Name: Taxo,,,
Index: TaxoSwitch,,,
Field Name: TaxoSwitch,,,
,,,
Field Name,Description,Type,Size
NPI,National Provider Identifier,Text,10
Tnum,Number of taxonomy field in which reported (1 - 15),Byte,1
Taxo,Taxonomy code,Text,10
Lic,License number,Text,20
LicState,Licensing state,Text,2
TaxoSwitch,Y = primary taxonomy code (primary specialty),Text,6
TaxoDescr,Taxonomy description,Text,255
,,,
,,,
tTaxoGroup_DEACT,,,
,,,
Index: NPI,,,
Field Name: NPI,,,
,,,
Index: PrimaryKey,,,
Field Name: NPI,,,
Field Name: Gnum,,,
Index: TaxoGroup,,,
Field Name: TaxoGroup,,,
,,,
Field Name,Description,Type,Size
NPI,National Provider Identifier,Text,10
Gnum,Number of field (1 through 15) in which group taxonomy code was reported,Byte,1
TaxoGroup,Group taxonomy code (193200000X = Multi-Specialty Group; 193400000X = Single Specialty Group),Text,10
,,,
,,,
LOOKUP TABLES,,,
,,,
tOIDType,,,
,,,
Index: Primary Key,,,
Field Name: TypeID,,,
,,,
Field Name,Description,Type,Size
TypeID,Other Identifier type code,Text,2
OIDTypeDescr,Other Identifier type description,Text,50
Abrv,Other Identifier type abbreviation,Text,5
,,,
,,,
tOtherNameTypes,,,
,,,
Index: Primary Key,,,
Field Name: Name_Type_Code,,,
,,,
Field Name,Description,Type,Size
Name_Type_Code,Type of Other Name,Integer,2
Name_Type_Description,Description of Name Type Code,Text,50
,,,
,,,
tTaxoLookup,,,
,,,
Index: Primary Key,,,
Field Name: TaxoCode,,,
,,,
Index: IndOrOrg,,,
Index: ParentCode,,,
Index: Child,,,
Index: Active,,,
,,,
Field Name,Description,Type,Size
IndOrOrg,"TEXT - 1 CHAR - ""I"" or ""N"" (Individual/group or Non-individual)",Text,1
TaxoCode,TEXT - 10 CHAR - 10 digit specialty/facility code,Text,10
Classif,4-digit prefix,Text,4
PrentCode,Parent taxonomy code,Text,10
Child,"True= this is a child code (i.e., has a parent code)",Boolean,1
Active,0 = active code; 1 = maybe; 2 = inactive code,Byte,1
TaxoDescr,Description of the taxonomy code,Text,255
URL,Link to full description of this taxonomy code specialtyText,,255
Select,Reserved,Boolean,1
Grouping,Reserved,Text,255
Classification,Reserved,Text,255
Specialization,Reserved,Text,255
,,,
,,,
tExclDesc,,,
,,,
Index: PrimaryKey,,,
Field Name: ExclType,,,
,,,
Field Name,Description,Type,Size
ExclType,Code for exclusion,Text,50
ExclDesc,Description of exclusion,Text,255
,,,
,,,
tExcluded,,,
,,,
Field Name,Description,Type,Size
LN,Last name,Text,20
FN,First name,Text,15
MN,Middle name,Text,15
OrgName,Organization name,Text,30
Addr,Street address,Text,30
Zip,Zip Code,Text,5
City,City,Text,20
State,State,Text,2
DOB,Date of Birth,Text,8
General,General,Text,20
Specialty,Specialty,Text,20
UPIN,UPIN number (deprecated),Text,6
NPI,National Provider Identifier (where available; many providers were excluded before the NPI system),Text,10
ExclType,Code of exclusion,Text,9
ExclDesc,Description of exclusion,Text,255
ExclDate,Date of exclusion,Text,8
ReinDate,Date of reinstatement,Text,8
