"Taxo","TaxoDescr","EntityType"
"101200000X","Behav/Soc Svc: Drama Therapist","1"
"101Y00000X","Behav/Soc Svc: Counselor","1"
"101YA0400X","Behav/Soc Svc: Counselor: Addiction (Substance Use Disorder)","1"
"101YM0800X","Behav/Soc Svc: Counselor: Mental Health","1"
"101YP1600X","Behav/Soc Svc: Counselor: Pastoral","1"
"101YP2500X","Behav/Soc Svc: Counselor: Professional","1"
"101YS0200X","Behav/Soc Svc: Counselor: School","1"
"102L00000X","Behav/Soc Svc: Psychoanalyst","1"
"102X00000X","Behav/Soc Svc: Poetry Therapist","1"
"103G00000X","Behav/Soc Svc: Clinical Neuropsychologist","1"
"103GC0700X","Behav/Soc Svc: Clin Neuropsych: Clinical","1"
"103K00000X","Behav/Soc Svc: Behavioral Analyst","1"
"103T00000X","Behav/Soc Svc: Psychologist","1"
"103TA0400X","Behav/Soc Svc: Psychol: Addiction (Substance Use Disorder)","1"
"103TA0700X","Behav/Soc Svc: Psychol: Adult Development and Aging","1"
"103TB0200X","Behav/Soc Svc: Psychol: Cognitive and Behavioral","1"
"103TC0700X","Behav/Soc Svc: Psychol: Clinical","1"
"103TC1900X","Behav/Soc Svc: Psychol: Counseling","1"
"103TC2200X","Behav/Soc Svc: Psychol: Clinical Child and Adolescent","1"
"103TE1000X","Behav/Soc Svc: Psychol: Educational","1"
"103TE1100X","Behav/Soc Svc: Psychol: Exercise and Sports","1"
"103TF0000X","Behav/Soc Svc: Psychol: Family","1"
"103TF0200X","Behav/Soc Svc: Psychol: Forensic","1"
"103TH0004X","Behav/Soc Svc: Psychol: Health","1"
"103TH0100X","Behav/Soc Svc: Psychol: Health Service","1"
"103TM1700X","Behav/Soc Svc: Psychol: Men and Masculinity","1"
"103TM1800X","Behav/Soc Svc: Psychol: Mental Retardation and Developmental Disabilities","1"
"103TP0016X","Behav/Soc Svc: Psychol: Prescribing (Medical)","1"
"103TP0814X","Behav/Soc Svc: Psychol: Psychoanalysis","1"
"103TP2700X","Behav/Soc Svc: Psychol: Psychotherapy","1"
"103TP2701X","Behav/Soc Svc: Psychol: Group Psychotherapy","1"
"103TR0400X","Behav/Soc Svc: Psychol: Rehabilitation","1"
"103TS0200X","Behav/Soc Svc: Psychol: School","1"
"103TW0100X","Behav/Soc Svc: Psychol: Women","1"
"104100000X","Behav/Soc Svc: Social Worker","1"
"1041C0700X","Behav/Soc Svc: Soc Worker: Clinical","1"
"1041S0200X","Behav/Soc Svc: Soc Worker: School","1"
"106E00000X","Behav/Soc Svc: Assistant Behavior Analyst","1"
"106H00000X","Behav/Soc Svc: Marriage and Family Therapist","1"
"106S00000X","Behav/Soc Svc: Behavior Technician","1"
"111N00000X","Chiropractic: Chiropractor","1"
"111NI0013X","Chiropractic: Chiropractor: Independent Medical Examiner","1"
"111NI0900X","Chiropractic: Chiropractor: Internist","1"
"111NN0400X","Chiropractic: Chiropractor: Neurology","1"
"111NN1001X","Chiropractic: Chiropractor: Nutrition","1"
"111NP0017X","Chiropractic: Chiropractor: Pediatric Chiropractor","1"
"111NR0200X","Chiropractic: Chiropractor: Radiology","1"
"111NR0400X","Chiropractic: Chiropractor: Rehabilitation","1"
"111NS0005X","Chiropractic: Chiropractor: Sports Physician","1"
"111NT0100X","Chiropractic: Chiropractor: Thermography","1"
"111NX0100X","Chiropractic: Chiropractor: Occupational Medicine","1"
"111NX0800X","Chiropractic: Chiropractor: Orthopedic","1"
"122300000X","Dental: Dentist","1"
"1223D0001X","Dental: Dentist: Dental Public Health","1"
"1223D0004X","Dental: Dentist: Dentist Anesthesiologist","1"
"1223E0200X","Dental: Dentist: Endodontics","1"
"1223G0001X","Dental: Dentist: General Practice","1"
"1223P0106X","Dental: Dentist: Oral and Maxillofacial Pathology","1"
"1223P0221X","Dental: Dentist: Pediatric Dentistry","1"
"1223P0300X","Dental: Dentist: Periodontics","1"
"1223P0700X","Dental: Dentist: Prosthodontics","1"
"1223S0112X","Dental: Dentist: Oral and Maxillofacial Surgery","1"
"1223X0008X","Dental: Dentist: Oral and Maxillofacial Radiology","1"
"1223X0400X","Dental: Dentist: Orthodontics and Dentofacial Orthopedics","1"
"1223X2210X","Dental: Dentist: Orofacial Pain","1"
"122400000X","Dental: Denturist","1"
"124Q00000X","Dental: Dental Hygienist","1"
"125J00000X","Dental: Dental Therapist","1"
"125K00000X","Dental: Advanced Practice Dental Therapist","1"
"125Q00000X","Dental: Oral Medicinist","1"
"126800000X","Dental: Dental Assistant","1"
"126900000X","Dental: Dental Laboratory Technician","1"
"132700000X","Diet/Nutr: Dietary Manager","1"
"133N00000X","Diet/Nutr: Nutritionist","1"
"133NN1002X","Diet/Nutr: Nutritionist: Nutrition, Education","1"
"133V00000X","Diet/Nutr: Dietitian, Registered","1"
"133VN1004X","Diet/Nutr: Dietitian, Registered: Nutrition, Pediatric","1"
"133VN1005X","Diet/Nutr: Dietitian, Registered: Nutrition, Renal","1"
"133VN1006X","Diet/Nutr: Dietitian, Registered: Nutrition, Metabolic","1"
"133VN1101X","Diet/Nutr: Dietitian, Registered: Nutrition, Gerontological","1"
"133VN1201X","Diet/Nutr: Dietitian, Registered: Nutrition, Obesity and Weight Management","1"
"133VN1301X","Diet/Nutr: Dietitian, Registered: Nutrition, Oncology","1"
"133VN1401X","Diet/Nutr: Dietitian, Registered: Nutrition, Pediatric Critical Care","1"
"133VN1501X","Diet/Nutr: Dietitian, Registered: Nutrition, Sports Dietetics","1"
"136A00000X","Diet/Nutr: Dietetic Technician, Registered","1"
"146D00000X","Emergency Medical Svc: Personal Emergency Response Attendant","1"
"146L00000X","Emergency Medical Svc: Emergency Medical Technician, Paramedic","1"
"146M00000X","Emergency Medical Svc: Emergency Medical Technician, Intermediate","1"
"146N00000X","Emergency Medical Svc: Emergency Medical Technician, Basic","1"
"152W00000X","Eye/Vision: Optometrist","1"
"152WC0802X","Eye/Vision: Optometrist: Corneal and Contact Management","1"
"152WL0500X","Eye/Vision: Optometrist: Low Vision Rehabilitation","1"
"152WP0200X","Eye/Vision: Optometrist: Pediatrics","1"
"152WS0006X","Eye/Vision: Optometrist: Sports Vision","1"
"152WV0400X","Eye/Vision: Optometrist: Vision Therapy","1"
"152WX0102X","Eye/Vision: Optometrist: Occupational Vision","1"
"156F00000X","Eye/Vision: Technician/Technologist","1"
"156FC0800X","Eye/Vision: Technician/Technologist: Contact Lens","1"
"156FC0801X","Eye/Vision: Technician/Technologist: Contact Lens Fitter","1"
"156FX1100X","Eye/Vision: Technician/Technologist: Ophthalmic","1"
"156FX1101X","Eye/Vision: Technician/Technologist: Ophthalmic Assistant","1"
"156FX1201X","Eye/Vision: Technician/Technologist: Optometric Assistant","1"
"156FX1202X","Eye/Vision: Technician/Technologist: Optometric Technician","1"
"156FX1700X","Eye/Vision: Technician/Technologist: Ocularist","1"
"156FX1800X","Eye/Vision: Technician/Technologist: Optician","1"
"156FX1900X","Eye/Vision: Technician/Technologist: Orthoptist","1"
"163W00000X","Nursing: RN Registered Nurse","1"
"163WA0400X","Nursing: RN: Addiction (Substance Use Disorder)","1"
"163WA2000X","Nursing: RN: Administrator","1"
"163WC0200X","Nursing: RN: Critical Care Medicine","1"
"163WC0400X","Nursing: RN: Case Management","1"
"163WC1400X","Nursing: RN: College Health","1"
"163WC1500X","Nursing: RN: Community Health","1"
"163WC1600X","Nursing: RN: Continuing Education/Staff Development","1"
"163WC2100X","Nursing: RN: Continence Care","1"
"163WC3500X","Nursing: RN: Cardiac Rehabilitation","1"
"163WD0400X","Nursing: RN: Diabetes Educator","1"
"163WD1100X","Nursing: RN: Dialysis, Peritoneal","1"
"163WE0003X","Nursing: RN: Emergency","1"
"163WE0900X","Nursing: RN: Enterostomal Therapy","1"
"163WF0300X","Nursing: RN: Flight","1"
"163WG0000X","Nursing: RN: General Practice","1"
"163WG0100X","Nursing: RN: Gastroenterology","1"
"163WG0600X","Nursing: RN: Gerontology","1"
"163WH0200X","Nursing: RN: Home Health","1"
"163WH0500X","Nursing: RN: Hemodialysis","1"
"163WH1000X","Nursing: RN: Hospice","1"
"163WI0500X","Nursing: RN: Infusion Therapy","1"
"163WI0600X","Nursing: RN: Infection Control","1"
"163WL0100X","Nursing: RN: Lactation Consultant","1"
"163WM0102X","Nursing: RN: Maternal Newborn","1"
"163WM0705X","Nursing: RN: Medical-Surgical","1"
"163WM1400X","Nursing: RN: Nurse Massage Therapist (NMT)","1"
"163WN0002X","Nursing: RN: Neonatal Intensive Care","1"
"163WN0003X","Nursing: RN: Neonatal, Low-Risk","1"
"163WN0300X","Nursing: RN: Nephrology","1"
"163WN0800X","Nursing: RN: Neuroscience","1"
"163WN1003X","Nursing: RN: Nutrition Support","1"
"163WP0000X","Nursing: RN: Pain Management","1"
"163WP0200X","Nursing: RN: Pediatrics","1"
"163WP0218X","Nursing: RN: Pediatric Oncology","1"
"163WP0807X","Nursing: RN: Psychiatric/Mental Health, Child and Adolescent","1"
"163WP0808X","Nursing: RN: Psychiatric/Mental Health","1"
"163WP0809X","Nursing: RN: Psychiatric/Mental Health, Adult","1"
"163WP1700X","Nursing: RN: Perinatal","1"
"163WP2201X","Nursing: RN: Ambulatory Care","1"
"163WR0006X","Nursing: RN: Registered Nurse First Assistant","1"
"163WR0400X","Nursing: RN: Rehabilitation","1"
"163WR1000X","Nursing: RN: Reproductive Endocrinology/Infertility","1"
"163WS0121X","Nursing: RN: Plastic Surgery","1"
"163WS0200X","Nursing: RN: School","1"
"163WU0100X","Nursing: RN: Urology","1"
"163WW0000X","Nursing: RN: Wound Care","1"
"163WW0101X","Nursing: RN: Women's Health Care, Ambulatory","1"
"163WX0002X","Nursing: RN: Obstetric, High-Risk","1"
"163WX0003X","Nursing: RN: Obstetric, Inpatient","1"
"163WX0106X","Nursing: RN: Occupational Health","1"
"163WX0200X","Nursing: RN: Oncology","1"
"163WX0601X","Nursing: RN: Otorhinolaryngology and Head-Neck","1"
"163WX0800X","Nursing: RN: Orthopedic","1"
"163WX1100X","Nursing: RN: Ophthalmic","1"
"163WX1500X","Nursing: RN: Ostomy Care","1"
"164W00000X","Nursing: Licensed Practical Nurse LPN","1"
"164X00000X","Nursing: Licensed Vocational Nurse","1"
"167G00000X","Nursing: Licensed Psychiatric Technician","1"
"170100000X","Other Prov: Medical Genetics, PhD Medical Genetics","1"
"170300000X","Other Prov: Genetic Counselor, MS","1"
"171000000X","Other Prov: Military Health Care Provider","1"
"1710I1002X","Other Prov: Military HC Prov: Independent Duty Corpsman","1"
"1710I1003X","Other Prov: Military HC Prov: Independent Duty Medical Technicians","1"
"171100000X","Other Prov: Acupuncturist","1"
"171400000X","Other Prov: Health and Wellness Coach","1"
"171M00000X","Other Prov: Case Manager/Care Coordinator","1"
"171R00000X","Other Prov: Interpreter","1"
"171W00000X","Other Prov: Contractor","1"
"171WH0202X","Other Prov: Contractor: Home Modifications","1"
"171WV0202X","Other Prov: Contractor: Vehicle Modifications","1"
"172A00000X","Other Prov: Driver","1"
"172M00000X","Other Prov: Mechanotherapist","1"
"172P00000X","Other Prov: Naprapath","1"
"172V00000X","Other Prov: Community Health Worker","1"
"173000000X","Other Prov: Legal Medicine","1"
"173C00000X","Other Prov: Reflexologist","1"
"173F00000X","Other Prov: Sleep Specialist, PhD","1"
"174200000X","Other Prov: Meals","1"
"174400000X","Other Prov: Specialist","1"
"1744G0900X","Other Prov: Specialist: Graphics Designer","1"
"1744P3200X","Other Prov: Specialist: Prosthetics Case Management","1"
"1744R1102X","Other Prov: Specialist: Research Study","1"
"1744R1103X","Other Prov: Specialist: Research Data Abstracter/Coder","1"
"174H00000X","Other Prov: Health Educator","1"
"174M00000X","Other Prov: Veterinarian","1"
"174MM1900X","Other Prov: Veterinarian: Medical Research","1"
"174N00000X","Other Prov: Lactation Consultant, Non-RN","1"
"174V00000X","Other Prov: Clinical Ethicist","1"
"175F00000X","Other Prov: Naturopath","1"
"175L00000X","Other Prov: Homeopath","1"
"175M00000X","Other Prov: Midwife, Lay","1"
"175T00000X","Other Prov: Peer Specialist","1"
"176B00000X","Other Prov: Midwife","1"
"176P00000X","Other Prov: Funeral Director","1"
"177F00000X","Other Prov: Lodging","1"
"183500000X","Pharmacist Svc: Pharmacist","1"
"1835C0205X","Pharmacist Svc: Pharm: Critical Care","1"
"1835G0000X","Pharmacist Svc: Pharm: General Practice","1"
"1835G0303X","Pharmacist Svc: Pharm: Geriatric","1"
"1835N0905X","Pharmacist Svc: Pharm: Nuclear","1"
"1835N1003X","Pharmacist Svc: Pharm: Nutrition Support","1"
"1835P0018X","Pharmacist Svc: Pharm: Pharmacist Clinician (PhC)/ Clinical Pharmacy Specialist","1"
"1835P0200X","Pharmacist Svc: Pharm: Pediatrics","1"
"1835P1200X","Pharmacist Svc: Pharm: Pharmacotherapy","1"
"1835P1300X","Pharmacist Svc: Pharm: Psychiatric","1"
"1835P2201X","Pharmacist Svc: Pharm: Ambulatory Care","1"
"1835X0200X","Pharmacist Svc: Pharm: Oncology","1"
"183700000X","Pharmacist Svc: Pharmacy Technician","1"
"193200000X","Group: Multi-Specialty (not used within taxonomy table)","1"
"193400000X","Group: Single Specialty (not used within taxonomy table)","1"
"202C00000X","Physician: Independent Medical Examiner","1"
"202K00000X","Physician: Phlebology","1"
"204C00000X","Physician: Neuromusculoskeletal Medicine, Sports Medicine","1"
"204D00000X","Physician: Neuromusculoskeletal Medicine and Osteopathic Manipulative Medicine (OMM)","1"
"204E00000X","Physician: Oral and Maxillofacial Surgery","1"
"204F00000X","Physician: Transplant Surgery","1"
"204R00000X","Physician: Electrodiagnostic Medicine","1"
"207K00000X","Physician: Allergy and Immunology","1"
"207KA0200X","Physician: Allergy and Immunology: Allergy","1"
"207KI0005X","Physician: Allergy and Immunology: Clinical and Laboratory Immunology","1"
"207L00000X","Physician: Anesthesiology","1"
"207LA0401X","Physician: Anesthesiology: Addiction Medicine","1"
"207LC0200X","Physician: Anesthesiology: Critical Care Medicine","1"
"207LH0002X","Physician: Anesthesiology: Hospice and Palliative Medicine","1"
"207LP2900X","Physician: Anesthesiology: Pain Medicine","1"
"207LP3000X","Physician: Anesthesiology: Pediatric Anesthesiology","1"
"207N00000X","Physician: Dermatology","1"
"207ND0101X","Physician: Dermatology: MOHS-Micrographic Surgery","1"
"207ND0900X","Physician: Dermatology: Dermatopathology","1"
"207NI0002X","Physician: Dermatology: Clinical and Laboratory Dermatological Immunology","1"
"207NP0225X","Physician: Dermatology: Pediatric Dermatology","1"
"207NS0135X","Physician: Dermatology: Procedural Dermatology","1"
"207P00000X","Physician: Emergency Medicine","1"
"207PE0004X","Physician: Emergency Medicine: Emergency Medical Services","1"
"207PE0005X","Physician: Emergency Medicine: Undersea and Hyperbaric Medicine","1"
"207PH0002X","Physician: Emergency Medicine: Hospice and Palliative Medicine","1"
"207PP0204X","Physician: Emergency Medicine: Pediatric Emergency Medicine","1"
"207PS0010X","Physician: Emergency Medicine: Sports Medicine","1"
"207PT0002X","Physician: Emergency Medicine: Medical Toxicology","1"
"207Q00000X","Physician: Family Medicine","1"
"207QA0000X","Physician: Family Medicine: Adolescent Medicine","1"
"207QA0401X","Physician: Family Medicine: Addiction Medicine","1"
"207QA0505X","Physician: Family Medicine: Adult Medicine","1"
"207QB0002X","Physician: Family Medicine: Obesity Medicine","1"
"207QG0300X","Physician: Family Medicine: Geriatric Medicine","1"
"207QH0002X","Physician: Family Medicine: Hospice and Palliative Medicine","1"
"207QS0010X","Physician: Family Medicine: Sports Medicine","1"
"207QS1201X","Physician: Family Medicine: Sleep Medicine","1"
"207R00000X","Physician: Internal Medicine","1"
"207RA0000X","Physician: Internal Medicine: Adolescent Medicine","1"
"207RA0001X","Physician: Internal Medicine: Advanced Heart Failure and Transplant Cardiology","1"
"207RA0002X","Physician: Internal Medicine: Adult Congenital Heart Disease (ACHD)","1"
"207RA0201X","Physician: Internal Medicine: Allergy and Immunology","1"
"207RA0401X","Physician: Internal Medicine: Addiction Medicine","1"
"207RB0002X","Physician: Internal Medicine: Bariatric Medicine","1"
"207RC0000X","Physician: Internal Medicine: Cardiovascular Disease","1"
"207RC0001X","Physician: Internal Medicine: Clinical Cardiac Electrophysiology","1"
"207RC0200X","Physician: Internal Medicine: Critical Care Medicine","1"
"207RE0101X","Physician: Internal Medicine: Endocrinology, Diabetes and Metabolism","1"
"207RG0100X","Physician: Internal Medicine: Gastroenterology","1"
"207RG0300X","Physician: Internal Medicine: Geriatric Medicine","1"
"207RH0000X","Physician: Internal Medicine: Hematology","1"
"207RH0002X","Physician: Internal Medicine: Hospice and Palliative Medicine","1"
"207RH0003X","Physician: Internal Medicine: Hematology and Oncology","1"
"207RH0005X","Physician: Internal Medicine: Hypertension Specialist","1"
"207RI0001X","Physician: Internal Medicine: Clinical and Laboratory Immunology","1"
"207RI0008X","Physician: Internal Medicine: Hepatology","1"
"207RI0011X","Physician: Internal Medicine: Interventional Cardiology","1"
"207RI0200X","Physician: Internal Medicine: Infectious Disease","1"
"207RM1200X","Physician: Internal Medicine: Magnetic Resonance Imaging (MRI)","1"
"207RN0300X","Physician: Internal Medicine: Nephrology","1"
"207RP1001X","Physician: Internal Medicine: Pulmonary Disease","1"
"207RR0500X","Physician: Internal Medicine:  Rheumatology","1"
"207RS0010X","Physician: Internal Medicine:  Sports Medicine","1"
"207RS0012X","Physician: Internal Medicine:  Sleep Medicine","1"
"207RT0003X","Physician: Internal Medicine:  Transplant Hepatology","1"
"207RX0202X","Physician: Internal Medicine:  Medical Oncology","1"
"207SC0300X","Physician: Medical Genetics: Clinical Cytogenetic","1"
"207SG0201X","Physician: Medical Genetics: Clinical Genetics (M.D.)","1"
"207SG0202X","Physician: Medical Genetics: Clinical Biochemical Genetics","1"
"207SG0203X","Physician: Medical Genetics: Clinical Molecular Genetics","1"
"207SG0205X","Physician: Medical Genetics: Ph.D. Medical Genetics","1"
"207SM0001X","Physician: Medical Genetics: Molecular Genetic Pathology","1"
"207T00000X","Physician: Neurological Surgery","1"
"207U00000X","Physician: Nuclear Medicine","1"
"207UN0901X","Physician: Nuclear Medicine: Nuclear Cardiology","1"
"207UN0902X","Physician: Nuclear Medicine: Nuclear Imaging and Therapy","1"
"207UN0903X","Physician: Nuclear Medicine: In Vivo and In Vitro Nuclear Medicine","1"
"207V00000X","Physician: Ob/Gyn: Obstetrics and Gynecology","1"
"207VB0002X","Physician: Ob/Gyn: Bariatric Medicine","1"
"207VC0200X","Physician: Ob/Gyn: Critical Care Medicine","1"
"207VE0102X","Physician: Ob/Gyn: Reproductive Endocrinology","1"
"207VF0040X","Physician: Ob/Gyn: Female Pelvic Medicine and Reconstructive Surgery","1"
"207VG0400X","Physician: Ob/Gyn: Gynecology","1"
"207VH0002X","Physician: Ob/Gyn: Hospice and Palliative Medicine","1"
"207VM0101X","Physician: Ob/Gyn: Maternal and Fetal Medicine","1"
"207VX0000X","Physician: Ob/Gyn: Obstetrics","1"
"207VX0201X","Physician: Ob/Gyn: Gynecologic Oncology","1"
"207W00000X","Physician: Ophthalmology","1"
"207WX0009X","Physician: Ophthalmology: Glaucoma Specialist","1"
"207WX0107X","Physician: Ophthalmology: Retina Specialist","1"
"207WX0108X","Physician: Ophthalmology: Uveitis and Ocular Inflammatory Disease","1"
"207WX0109X","Physician: Ophthalmology: Neuro-ophthalmology","1"
"207WX0110X","Physician: Ophthalmology: Pediatric Ophthalmology and Strabismus","1"
"207WX0120X","Physician: Ophthalmology: Cornea and External Diseases","1"
"207WX0200X","Physician: Ophthalmology: Ophthalmic Plastic and Reconstructive Surgery","1"
"207X00000X","Physician: Orthopaedic Surgery","1"
"207XP3100X","Physician: Orthopaedic Surgery: Pediatric Orthopaedic Surgery","1"
"207XS0106X","Physician: Orthopaedic Surgery: Hand Surgery","1"
"207XS0114X","Physician: Orthopaedic Surgery: Adult Reconstructive Orthopaedic Surgery","1"
"207XS0117X","Physician: Orthopaedic Surgery: Orthopaedic Surgery of the Spine","1"
"207XX0004X","Physician: Orthopaedic Surgery: Foot and Ankle Surgery","1"
"207XX0005X","Physician: Orthopaedic Surgery: Sports Medicine","1"
"207XX0801X","Physician: Orthopaedic Surgery: Orthopaedic Trauma","1"
"207Y00000X","Physician: Otolaryngology","1"
"207YP0228X","Physician: Otolaryngology: Pediatric Otolaryngology","1"
"207YS0012X","Physician: Otolaryngology: Sleep Medicine","1"
"207YS0123X","Physician: Otolaryngology: Facial Plastic Surgery","1"
"207YX0007X","Physician: Otolaryngology: Plastic Surgery within the Head and Neck","1"
"207YX0602X","Physician: Otolaryngology: Otolaryngic Allergy","1"
"207YX0901X","Physician: Otolaryngology: Otology and Neurotology","1"
"207YX0905X","Physician: Otolaryngology: Otolaryngology/Facial Plastic Surgery","1"
"207ZB0001X","Physician: Pathology: Blood Banking and Transfusion Medicine","1"
"207ZC0006X","Physician: Pathology: Clinical Pathology","1"
"207ZC0008X","Physician: Pathology: Clinical Informatics","1"
"207ZC0500X","Physician: Pathology: Cytopathology","1"
"207ZD0900X","Physician: Pathology: Dermatopathology","1"
"207ZF0201X","Physician: Pathology: Forensic Pathology","1"
"207ZH0000X","Physician: Pathology: Hematology","1"
"207ZI0100X","Physician: Pathology: Immunopathology","1"
"207ZM0300X","Physician: Pathology: Medical Microbiology","1"
"207ZN0500X","Physician: Pathology: Neuropathology","1"
"207ZP0007X","Physician: Pathology: Molec Gen Pathology","1"
"207ZP0101X","Physician: Pathology: Anatomic Pathology","1"
"207ZP0102X","Physician: Pathology: Anatomic Pathology and Clinical Pathology","1"
"207ZP0104X","Physician: Pathology: Chemical Pathology","1"
"207ZP0105X","Physician: Pathology: Clinical Pathology/Laboratory Medicine","1"
"207ZP0213X","Physician: Pathology: Pediatric Pathology","1"
"208000000X","Physician: Pediatrics","1"
"2080A0000X","Physician: Pediatrics: Adolescent Medicine","1"
"2080B0002X","Physician: Pediatrics: Obesity Medicine","1"
"2080C0008X","Physician: Pediatrics: Child Abuse","1"
"2080H0002X","Physician: Pediatrics: Hospice and Palliative Medicine","1"
"2080I0007X","Physician: Pediatrics: Clinical and Laboratory Immunology","1"
"2080N0001X","Physician: Pediatrics: Neonatal-Perinatal Medicine","1"
"2080P0006X","Physician: Pediatrics: Developmental and Behavioral Pediatrics","1"
"2080P0008X","Physician: Pediatrics: Neurodevelopmental Disabilities","1"
"2080P0201X","Physician: Pediatrics: Pediatric Allergy and Immunology","1"
"2080P0202X","Physician: Pediatrics: Pediatric Cardiology","1"
"2080P0203X","Physician: Pediatrics: Pediatric Critical Care Medicine","1"
"2080P0204X","Physician: Pediatrics: Pediatric Emergency Medicine","1"
"2080P0205X","Physician: Pediatrics: Pediatric Endocrinology","1"
"2080P0206X","Physician: Pediatrics: Pediatric Gastroenterology","1"
"2080P0207X","Physician: Pediatrics: Pediatric Hematology-Oncology","1"
"2080P0208X","Physician: Pediatrics: Pediatric Infectious Diseases","1"
"2080P0210X","Physician: Pediatrics: Pediatric Nephrology","1"
"2080P0214X","Physician: Pediatrics: Pediatric Pulmonology","1"
"2080P0216X","Physician: Pediatrics: Pediatric Rheumatology","1"
"2080S0010X","Physician: Pediatrics: Sports Medicine","1"
"2080S0012X","Physician: Pediatrics: Sleep Medicine","1"
"2080T0002X","Physician: Pediatrics: Medical Toxicology","1"
"2080T0004X","Physician: Pediatrics: Pediatric Transplant Hepatology","1"
"208100000X","Physician: Physical Medicine and Rehabilitation","1"
"2081H0002X","Physician: Phys Med/Rehab: Hospice and Palliative Medicine","1"
"2081N0008X","Physician: Phys Med/Rehab: Neuromuscular Medicine","1"
"2081P0004X","Physician: Phys Med/Rehab: Spinal Cord Injury Medicine","1"
"2081P0010X","Physician: Phys Med/Rehab: Pediatric Rehabilitation Medicine","1"
"2081P0301X","Physician: Phys Med/Rehab: Brain Injury Medicine","1"
"2081P2900X","Physician: Phys Med/Rehab: Pain Medicine","1"
"2081S0010X","Physician: Phys Med/Rehab: Sports Medicine","1"
"208200000X","Physician: Plastic Surgery","1"
"2082S0099X","Physician: Plastic Surgery: Plastic Surgery Within the Head and Neck","1"
"2082S0105X","Physician: Plastic Surgery: Surgery of the Hand","1"
"2083A0100X","Physician: Preventive  Medicine:  Aerospace Medicine","1"
"2083A0300X","Physician: Preventive  Medicine:  Addiction","1"
"2083B0002X","Physician: Preventive  Medicine:  Obesity Medicine","1"
"2083C0008X","Physician: Preventive  Medicine:  Clinical Informatics","1"
"2083P0011X","Physician: Preventive  Medicine:  Undersea and Hyperbaric Medicine","1"
"2083P0500X","Physician: Preventive  Medicine:  Preventive Medicine/Occupational Environmental Medicine","1"
"2083P0901X","Physician: Preventive  Medicine:  Public Health and General Preventive Medicine","1"
"2083S0010X","Physician: Preventive  Medicine:  Sports Medicine","1"
"2083T0002X","Physician: Preventive  Medicine:  Medical Toxicology","1"
"2083X0100X","Physician: Preventive  Medicine:  Occupational Medicine","1"
"2084A0401X","Physician: Psych/Neurol: Addiction Medicine","1"
"2084A2900X","Physician: Psych/Neurol: Neurocritical Care","1"
"2084B0002X","Physician: Psych/Neurol: Bariatric Medicine","1"
"2084B0040X","Physician: Psych/Neuro: Behavioral Neurology and Neuropsychiatry","1"
"2084D0003X","Physician: Psych/Neurol: Diagnostic Neuroimaging","1"
"2084F0202X","Physician: Psych/Neurol: Forensic Psychiatry","1"
"2084H0002X","Physician: Psych/Neurol: Hospice and Palliative Medicine","1"
"2084N0008X","Physician: Psych/Neurol: Neuromuscular Medicine","1"
"2084N0400X","Physician: Psych/Neurol: Neurology","1"
"2084N0402X","Physician: Psych/Neurol: Neurology with Special Qualifications in Child Neurology","1"
"2084N0600X","Physician: Psych/Neurol: Clinical Neurophysiology","1"
"2084P0005X","Physician: Psych/Neurol: Neurodevelopmental Disabilities","1"
"2084P0015X","Physician: Psych/Neurol: Psychosomatic Medicine","1"
"2084P0301X","Physician: Psych/Neurol: Brain Injury Medicine","1"
"2084P0800X","Physician: Psych/Neurol: Psychiatry","1"
"2084P0802X","Physician: Psych/Neurol: Addiction Psychiatry","1"
"2084P0804X","Physician: Psych/Neurol: Child and Adolescent Psychiatry","1"
"2084P0805X","Physician: Psych/Neurol: Geriatric Psychiatry","1"
"2084P2900X","Physician: Psych/Neurol: Pain Medicine","1"
"2084S0010X","Physician: Psych/Neurol: Sports Medicine","1"
"2084S0012X","Physician: Psych/Neurol: Sleep Medicine","1"
"2084V0102X","Physician: Psych/Neurol: Vascular Neurology","1"
"2085B0100X","Physician: Radiol: Body Imaging","1"
"2085D0003X","Physician: Radiol: Diagnostic Neuroimaging","1"
"2085H0002X","Physician: Radiol: Hospice and Palliative Medicine","1"
"2085N0700X","Physician: Radiol: Neuroradiology","1"
"2085N0904X","Physician: Radiol: Nuclear Radiology","1"
"2085P0229X","Physician: Radiol: Pediatric Radiology","1"
"2085R0001X","Physician: Radiol: Radiation Oncology","1"
"2085R0202X","Physician: Radiol: Diagnostic Radiology","1"
"2085R0203X","Physician: Radiol: Therapeutic Radiology","1"
"2085R0204X","Physician: Radiol: Vascular and Interventional Radiology","1"
"2085R0205X","Physician: Radiol: Radiological Physics","1"
"2085U0001X","Physician: Radiol: Diagnostic Ultrasound","1"
"208600000X","Physician: Surgery","1"
"2086H0002X","Physician: Surgery: Hospice and Palliative Medicine","1"
"2086S0102X","Physician: Surgery: Surgical Critical Care","1"
"2086S0105X","Physician: Surgery: Surgery of the Hand","1"
"2086S0120X","Physician: Surgery: Pediatric Surgery","1"
"2086S0122X","Physician: Surgery: Plastic and Reconstructive Surgery","1"
"2086S0127X","Physician: Surgery: Trauma Surgery","1"
"2086S0129X","Physician: Surgery: Vascular Surgery","1"
"2086X0206X","Physician: Surgery: Surgical Oncology","1"
"208800000X","Physician: Urology","1"
"2088F0040X","Physician: Urology: Female Pelvic Medicine and Reconstructive Surgery","1"
"2088P0231X","Physician: Urology: Pediatric Urology","1"
"208C00000X","Physician: Colon and Rectal Surgery","1"
"208D00000X","Physician: General Practice","1"
"208G00000X","Physician: Thoracic Surgery (Cardiothoracic Vascular Surgery)","1"
"208M00000X","Physician: Hospitalist","1"
"208U00000X","Physician: Clinical Pharmacology","1"
"208VP0000X","Physician: Pain  Medicine:  Pain Medicine","1"
"208VP0014X","Physician: Pain  Medicine:  Interventional Pain Medicine","1"
"209800000X","Physician: Legal Medicine","1"
"211D00000X","Podiatric: Assistant, Podiatric","1"
"213E00000X","Podiatric: Podiatrist","1"
"213EG0000X","Podiatric: Podiatrist: General Practice","1"
"213EP0504X","Podiatric: Podiatrist: Public Medicine","1"
"213EP1101X","Podiatric: Podiatrist: Primary Podiatric Medicine","1"
"213ER0200X","Podiatric: Podiatrist: Radiology","1"
"213ES0000X","Podiatric: Podiatrist: Sports Medicine","1"
"213ES0103X","Podiatric: Podiatrist: Foot and Ankle Surgery","1"
"213ES0131X","Podiatric: Podiatrist: Foot Surgery","1"
"221700000X","Resp/Dev/Reh/Rstr: Art Therapist","1"
"222Q00000X","Resp/Dev/Reh/Rstr: Developmental Therapist","1"
"222Z00000X","Resp/Dev/Reh/Rstr: Orthotist","1"
"224900000X","Resp/Dev/Reh/Rstr: Mastectomy Fitter","1"
"224L00000X","Resp/Dev/Reh/Rstr: Pedorthist","1"
"224P00000X","Resp/Dev/Reh/Rstr: Prosthetist","1"
"224Y00000X","Resp/Dev/Reh/Rstr: Clinical Exercise Physiologist","1"
"224Z00000X","Resp/Dev/Reh/Rstr: Occupational Therapy Assistant","1"
"224ZE0001X","Resp/Dev/Reh/Rstr: Occupational Therapist Asst: Environmental Modification","1"
"224ZF0002X","Resp/Dev/Reh/Rstr: Occupational Therapist Asst: Feeding, Eating and Swallowing","1"
"224ZL0004X","Resp/Dev/Reh/Rstr: Occupational Therapist Asst: Low Vision","1"
"224ZR0403X","Resp/Dev/Reh/Rstr: Occupational Therapist Asst: Driving and Community Mobility","1"
"225000000X","Resp/Dev/Reh/Rstr: Orthotics/Prosthetics Fitter","1"
"225100000X","Resp/Dev/Reh/Rstr: Physical Therapist","1"
"2251C2600X","Resp/Dev/Reh/Rstr: Physical Therapist: Cardiopulmonary","1"
"2251E1200X","Resp/Dev/Reh/Rstr: Physical Therapist: Ergonomics","1"
"2251E1300X","Resp/Dev/Reh/Rstr: Physical Therapist: Electrophysiology, Clinical","1"
"2251G0304X","Resp/Dev/Reh/Rstr: Physical Therapist: Geriatrics","1"
"2251H1200X","Resp/Dev/Reh/Rstr: Physical Therapist: Hand","1"
"2251H1300X","Resp/Dev/Reh/Rstr: Physical Therapist: Human Factors","1"
"2251N0400X","Resp/Dev/Reh/Rstr: Physical Therapist: Neurology","1"
"2251P0200X","Resp/Dev/Reh/Rstr: Physical Therapist: Pediatrics","1"
"2251S0007X","Resp/Dev/Reh/Rstr: Physical Therapist: Sports","1"
"2251X0800X","Resp/Dev/Reh/Rstr: Physical Therapist: Orthopedic","1"
"225200000X","Resp/Dev/Reh/Rstr: Physical Therapy Assistant","1"
"225400000X","Resp/Dev/Reh/Rstr: Rehabilitation Practitioner","1"
"225500000X","Resp/Dev/Reh/Rstr: Specialist/Technologist","1"
"2255A2300X","Resp/Dev/Reh/Rstr: Specialist/Technologist: Athletic Trainer","1"
"2255R0406X","Resp/Dev/Reh/Rstr: Specialist/Technologist: Rehabilitation, Blind","1"
"225600000X","Resp/Dev/Reh/Rstr: Dance Therapist","1"
"225700000X","Resp/Dev/Reh/Rstr: Massage Therapist","1"
"225800000X","Resp/Dev/Reh/Rstr: Recreation Therapist","1"
"225A00000X","Resp/Dev/Reh/Rstr: Music Therapist","1"
"225B00000X","Resp/Dev/Reh/Rstr: Pulmonary Function Technologist","1"
"225C00000X","Resp/Dev/Reh/Rstr: Rehabilitation Counselor","1"
"225CA2400X","Resp/Dev/Reh/Rstr: Rehab Counselor: Assistive Technology Practitioner","1"
"225CA2500X","Resp/Dev/Reh/Rstr: Rehab Counselor: Assistive Technology Supplier","1"
"225CX0006X","Resp/Dev/Reh/Rstr: Rehab Counselor: Orientation and Mobility Training Provider","1"
"225X00000X","Resp/Dev/Reh/Rstr: Occupational Therapist","1"
"225XE0001X","Resp/Dev/Reh/Rstr: Occupational Therapist: Environmental Modification","1"
"225XE1200X","Resp/Dev/Reh/Rstr: Occupational Therapist: Ergonomics","1"
"225XF0002X","Resp/Dev/Reh/Rstr: Occupational Therapist: Feeding, Eating and Swallowing","1"
"225XG0600X","Resp/Dev/Reh/Rstr: Occupational Therapist: Gerontology","1"
"225XH1200X","Resp/Dev/Reh/Rstr: Occupational Therapist: Hand","1"
"225XH1300X","Resp/Dev/Reh/Rstr: Occupational Therapist: Human Factors","1"
"225XL0004X","Resp/Dev/Reh/Rstr: Occupational Therapist: Low Vision","1"
"225XM0800X","Resp/Dev/Reh/Rstr: Occupational Therapist: Mental Health","1"
"225XN1300X","Resp/Dev/Reh/Rstr: Occupational Therapist: Neurorehabilitation","1"
"225XP0019X","Resp/Dev/Reh/Rstr: Occupational Therapist: Physical Rehabilitation","1"
"225XP0200X","Resp/Dev/Reh/Rstr: Occupational Therapist: Pediatrics","1"
"225XR0403X","Resp/Dev/Reh/Rstr: Occupational Therapist: Driving and Community Mobility","1"
"226000000X","Resp/Dev/Reh/Rstr: Recreational Therapist Assistant","2"
"226300000X","Resp/Dev/Reh/Rstr: Kinesiotherapist","1"
"227800000X","Resp/Dev/Reh/Rstr: Respiratory Therapist, Certified","1"
"2278C0205X","Resp/Dev/Reh/Rstr: Certified Respiratory Therapist: Critical Care","1"
"2278E0002X","Resp/Dev/Reh/Rstr: Certified Respiratory Therapist: Emergency Care","1"
"2278E1000X","Resp/Dev/Reh/Rstr: Certified Respiratory Therapist: Educational","1"
"2278G0305X","Resp/Dev/Reh/Rstr: Certified Respiratory Therapist: Geriatric Care","1"
"2278G1100X","Resp/Dev/Reh/Rstr: Certified Respiratory Therapist: General Care","1"
"2278H0200X","Resp/Dev/Reh/Rstr: Certified Respiratory Therapist: Home Health","1"
"2278P1004X","Resp/Dev/Reh/Rstr: Certified Respiratory Therapist: Pulmonary Diagnostics","1"
"2278P1005X","Resp/Dev/Reh/Rstr: Certified Respiratory Therapist: Pulmonary Rehabilitation","1"
"2278P1006X","Resp/Dev/Reh/Rstr: Certified Respiratory Therapist: Pulmonary Function Technologist","1"
"2278P3800X","Resp/Dev/Reh/Rstr: Certified Respiratory Therapist: Palliative/Hospice","1"
"2278P3900X","Resp/Dev/Reh/Rstr: Certified Respiratory Therapist: Neonatal/Pediatrics","1"
"2278P4000X","Resp/Dev/Reh/Rstr: Certified Respiratory Therapist: Patient Transport","1"
"2278S1500X","Resp/Dev/Reh/Rstr: Certified Respiratory Therapist: SNF/Subacute Care","1"
"227900000X","Resp/Dev/Reh/Rstr: Respiratory Therapist, Registered","1"
"2279C0205X","Resp/Dev/Reh/Rstr: Respiratory Therapist: Critical Care","1"
"2279E0002X","Resp/Dev/Reh/Rstr: Respiratory Therapist: Emergency Care","1"
"2279E1000X","Resp/Dev/Reh/Rstr: Respiratory Therapist: Educational","1"
"2279G0305X","Resp/Dev/Reh/Rstr: Respiratory Therapist: Geriatric Care","1"
"2279G1100X","Resp/Dev/Reh/Rstr: Respiratory Therapist: General Care","1"
"2279H0200X","Resp/Dev/Reh/Rstr: Respiratory Therapist: Home Health","1"
"2279P1004X","Resp/Dev/Reh/Rstr: Respiratory Therapist: Pulmonary Diagnostics","1"
"2279P1005X","Resp/Dev/Reh/Rstr: Respiratory Therapist: Pulmonary Rehabilitation","1"
"2279P1006X","Resp/Dev/Reh/Rstr: Respiratory Therapist: Pulmonary Function Technologist","1"
"2279P3800X","Resp/Dev/Reh/Rstr: Respiratory Therapist: Palliative/Hospice","1"
"2279P3900X","Resp/Dev/Reh/Rstr: Respiratory Therapist: Neonatal/Pediatrics","1"
"2279P4000X","Resp/Dev/Reh/Rstr: Respiratory Therapist: Patient Transport","1"
"2279S1500X","Resp/Dev/Reh/Rstr: Respiratory Therapist: SNF/Subacute Care","1"
"229N00000X","Resp/Dev/Reh/Rstr: Anaplastologist","1"
"231H00000X","Speech/Lang/Hrg: Audiologist","1"
"231HA2400X","Speech/Lang/Hrg: Audiologist: Assistive Technology Practitioner","1"
"231HA2500X","Speech/Lang/Hrg: Audiologist: Assistive Technology Supplier","1"
"235500000X","Speech/Lang/Hrg: Specialist/Technologist","1"
"2355A2700X","Speech/Lang/Hrg: Specialist/Technologist: Audiology Assistant","1"
"2355S0801X","Speech/Lang/Hrg: Specialist/Technologist: Speech-Language Assistant","1"
"235Z00000X","Speech/Lang/Hrg: Speech-Language Pathologist","1"
"237600000X","Speech/Lang/Hrg: Audiologist-Hearing Aid Fitter","1"
"237700000X","Speech/Lang/Hrg: Hearing Instrument Specialist","1"
"242T00000X","Technologist: Perfusionist","1"
"243U00000X","Technologist: Radiology Practitioner Assistant","1"
"246Q00000X","Technologist: Specialist/Technologist, Pathology","1"
"246QB0000X","Technologist: Specialist/Technologist Pathology: Blood Banking","1"
"246QC1000X","Technologist: Specialist/Technologist Pathology: Chemistry","1"
"246QC2700X","Technologist: Specialist/Technologist Pathology: Cytotechnology","1"
"246QH0000X","Technologist: Specialist/Technologist Pathology: Hematology","1"
"246QH0401X","Technologist: Specialist/Technologist Pathology: Hemapheresis Practitioner","1"
"246QH0600X","Technologist: Specialist/Technologist Pathology: Histology","1"
"246QI0000X","Technologist: Specialist/Technologist Pathology: Immunology","1"
"246QL0900X","Technologist: Specialist/Technologist Pathology: Laboratory Management","1"
"246QL0901X","Technologist: Specialist/Technologist Pathology: Laboratory Management, Diplomate","1"
"246QM0706X","Technologist: Specialist/Technologist Pathology: Medical Technologist","1"
"246QM0900X","Technologist: Specialist/Technologist Pathology: Microbiology","1"
"246R00000X","Technologist: Technician, Pathology","1"
"246RH0600X","Technologist: Technician, Pathology Histology","1"
"246RM2200X","Technologist: Technician, Pathology: Medical Laboratory","1"
"246RP1900X","Technologist: Technician, Pathology: Phlebotomy","1"
"246W00000X","Technologist: Technician, Cardiology","1"
"246X00000X","Technologist: Specialist/Technologist Cardiovascular","1"
"246XC2901X","Technologist: Specialist/Technologist Cardio: Cardiovascular Invasive Specialist","1"
"246XC2903X","Technologist: Specialist/Technologist Cardio: Vascular Specialist","1"
"246XS1301X","Technologist: Specialist/Technologist Cardio: Sonography","1"
"246Y00000X","Technologist: Specialist/Technologist, Health Information","1"
"246YC3301X","Technologist: Specialist/Technologist Hlth Info: Coding Specialist, Hospital Based","1"
"246YC3302X","Technologist: Specialist/Technologist Hlth Info: Coding Specialist, Physician Office Based","1"
"246YR1600X","Technologist: Specialist/Technologist Hlth Info: Registered Record Administrator","1"
"246Z00000X","Technologist: Specialist/Technologist, Other","1"
"246ZA2600X","Technologist: Specialist/Technologist Other: Art, Medical","1"
"246ZB0301X","Technologist: Specialist/Technologist Other: Biomedical Engineering","1"
"246ZB0302X","Technologist: Specialist/Technologist Other: Biomedical Photographer","1"
"246ZB0500X","Technologist: Specialist/Technologist Other: Biochemist","1"
"246ZB0600X","Technologist: Specialist/Technologist Other: Biostatistician","1"
"246ZC0007X","Technologist: Specialist/Technologist Other: Certified First Assistant","1"
"246ZE0500X","Technologist: Specialist/Technologist Other: EEG","1"
"246ZE0600X","Technologist: Specialist/Technologist Other: Electroneurodiagnostic","1"
"246ZG0701X","Technologist: Specialist/Technologist Other: Graphics Methods","1"
"246ZG1000X","Technologist: Specialist/Technologist Other: Genist, Medical (PhD)","1"
"246ZI1000X","Technologist: Specialist/Technologist Other: Illustration, Medical","1"
"246ZN0300X","Technologist: Specialist/Technologist Other: Nephrology","1"
"246ZS0400X","Technologist: Specialist/Technologist Other: Surgical","1"
"246ZS0410X","Technologist: Specialist/Technologist Other: Surgical","1"
"246ZX2200X","Technologist: Specialist/Technologist Other: Orthopedic Assistant","1"
"247000000X","Technologist: Specialist/Technologist Other: Technician, Health Information","1"
"2470A2800X","Technologist: Specialist/Technologist Other:  Hlth Inf: Assistant Record Technician","1"
"247100000X","Technologist: Radiologic Technologist","1"
"2471B0102X","Technologist: Radiological Technologist: Bone Densitometry","1"
"2471C1101X","Technologist: Radiological Technologist: Cardiovascular-Interventional Technology","1"
"2471C1106X","Technologist: Radiological Technologist: Cardiac-Interventional Technology","1"
"2471C3401X","Technologist: Radiological Technologist: Computed Tomography","1"
"2471C3402X","Technologist: Radiological Technologist: Radiography","1"
"2471M1202X","Technologist: Radiological Technologist: Magnetic Resonance Imaging","1"
"2471M2300X","Technologist: Radiological Technologist: Mammography","1"
"2471N0900X","Technologist: Radiological Technologist: Nuclear Medicine Technology","1"
"2471Q0001X","Technologist: Radiological Technologist: Quality Management","1"
"2471R0002X","Technologist: Radiological Technologist: Radiation Therapy","1"
"2471S1302X","Technologist: Radiological Technologist: Sonography","1"
"2471V0105X","Technologist: Radiological Technologist: Vascular Sonography","1"
"2471V0106X","Technologist: Radiological Technologist: Vascular-Interventional Technology","1"
"247200000X","Technologist: Technician, Other","1"
"2472B0301X","Technologist: Technician, Other: Biomedical Engineering","1"
"2472D0500X","Technologist: Technician, Other: Darkroom","1"
"2472E0500X","Technologist: Technician, Other: EEG","1"
"2472R0900X","Technologist: Technician, Other: Renal Dialysis","1"
"2472V0600X","Technologist: Technician, Other: Veterinary","1"
"247ZC0005X","Technologist: Technician, Pathology: Clinical Laboratory Director, Non-physician","1"
"251300000X","Agency: Local Education Agency (LEA)","2"
"251B00000X","Agency: Case Management","2"
"251C00000X","Agency: Day Training, Developmentally Disabled Services","2"
"251E00000X","Agency: Home Health","2"
"251F00000X","Agency: Home Infusion","2"
"251G00000X","Agency: Hospice Care, Community Based","2"
"251J00000X","Agency: Nursing Care","2"
"251K00000X","Agency: Public Health or Welfare","2"
"251S00000X","Agency: Community/Behavioral Health","2"
"251T00000X","Agency: Program of All-Inclusive Care for the Elderly (PACE) Provider Organization","2"
"251V00000X","Agency: Voluntary or Charitable","2"
"251X00000X","Agency: Supports Brokerage","2"
"252Y00000X","Agency: Early Intervention Provider Agency","2"
"253J00000X","Agency: Foster Care Agency","2"
"253Z00000X","Agency: In Home Supportive Care","2"
"261Q00000X","Amb HC Fac: Clinic/Center","2"
"261QA0005X","Amb HC Fac: Clinic/Ctr: Ambulatory Family Planning Facility","2"
"261QA0006X","Amb HC Fac: Clinic/Ctr: Ambulatory Fertility Facility","2"
"261QA0600X","Amb HC Fac: Clinic/Ctr: Adult Day Care","2"
"261QA0900X","Amb HC Fac: Clinic/Ctr: Amputee","2"
"261QA1903X","Amb HC Fac: Clinic/Ctr: Ambulatory Surgical","2"
"261QA3000X","Amb HC Fac: Clinic/Ctr: Augmentative Communication","2"
"261QB0400X","Amb HC Fac: Clinic/Ctr: Birthing","2"
"261QC0050X","Amb HC Fac: Clinic/Ctr: Critical Access Hospital","2"
"261QC1500X","Amb HC Fac: Clinic/Ctr: Community Health","2"
"261QC1800X","Amb HC Fac: Clinic/Ctr: Corporate Health","2"
"261QD0000X","Amb HC Fac: Clinic/Ctr: Dental","2"
"261QD1600X","Amb HC Fac: Clinic/Ctr: Developmental Disabilities","2"
"261QE0002X","Amb HC Fac: Clinic/Ctr: Emergency Care","2"
"261QE0700X","Amb HC Fac: Clinic/Ctr: End-Stage Renal Disease (ESRD) Treatment","2"
"261QE0800X","Amb HC Fac: Clinic/Ctr: Endoscopy","2"
"261QF0050X","Amb HC Fac: Clinic/Ctr: Family Planning, Non-Surgical","2"
"261QF0400X","Amb HC Fac: Clinic/Ctr: Federally Qualified Health Center (FQHC)","2"
"261QG0250X","Amb HC Fac: Clinic/Ctr: Genetics","2"
"261QH0100X","Amb HC Fac: Clinic/Ctr: Health Service","2"
"261QH0700X","Amb HC Fac: Clinic/Ctr: Hearing and Speech","2"
"261QI0500X","Amb HC Fac: Clinic/Ctr: Infusion Therapy","2"
"261QL0400X","Amb HC Fac: Clinic/Ctr: Lithotripsy","2"
"261QM0801X","Amb HC Fac: Clinic/Ctr: Mental Health (Including Community Mental Health Center)","2"
"261QM0850X","Amb HC Fac: Clinic/Ctr: Adult Mental Health","2"
"261QM0855X","Amb HC Fac: Clinic/Ctr: Adolescent and Children Mental Health","2"
"261QM1000X","Amb HC Fac: Clinic/Ctr: Migrant Health","2"
"261QM1100X","Amb HC Fac: Clinic/Ctr: Military/U.S. Coast Guard Outpatient","2"
"261QM1101X","Amb HC Fac: Clinic/Ctr: Military and U.S. Coast Guard Ambulatory Procedure","2"
"261QM1102X","Amb HC Fac: Clinic/Ctr: Military Outpatient Operational (Transportable) Component","2"
"261QM1103X","Amb HC Fac: Clinic/Ctr: Military Ambulatory Procedure Visits Operational (Transportable)","2"
"261QM1200X","Amb HC Fac: Clinic/Ctr: Magnetic Resonance Imaging (MRI)","2"
"261QM1300X","Amb HC Fac: Clinic/Ctr: Multi-Specialty","2"
"261QM2500X","Amb HC Fac: Clinic/Ctr: Medical Specialty","2"
"261QM2800X","Amb HC Fac: Clinic/Ctr: Methadone","2"
"261QM3000X","Amb HC Fac: Clinic/Ctr: Medically Fragile Infants and Children Day Care","2"
"261QP0904X","Amb HC Fac: Clinic/Ctr: Public Health, Federal","2"
"261QP0905X","Amb HC Fac: Clinic/Ctr: Public Health, State or Local","2"
"261QP1100X","Amb HC Fac: Clinic/Ctr: Podiatric","2"
"261QP2000X","Amb HC Fac: Clinic/Ctr: Physical Therapy","2"
"261QP2300X","Amb HC Fac: Clinic/Ctr: Primary Care","2"
"261QP2400X","Amb HC Fac: Clinic/Ctr: Prison Health","2"
"261QP3300X","Amb HC Fac: Clinic/Ctr: Pain","2"
"261QR0200X","Amb HC Fac: Clinic/Ctr: Radiology","2"
"261QR0206X","Amb HC Fac: Clinic/Ctr: Radiology, Mammography","2"
"261QR0207X","Amb HC Fac: Clinic/Ctr: Radiology, Mobile Mammography","2"
"261QR0208X","Amb HC Fac: Clinic/Ctr: Radiology, Mobile","2"
"261QR0400X","Amb HC Fac: Clinic/Ctr: Rehabilitation","2"
"261QR0401X","Amb HC Fac: Clinic/Ctr: Rehabilitation, Comprehensive Outpatient Rehabilitation Facility (CORF)","2"
"261QR0404X","Amb HC Fac: Clinic/Ctr: Rehabilitation, Cardiac Facilities","2"
"261QR0405X","Amb HC Fac: Clinic/Ctr: Rehabilitation, Substance Use Disorder","2"
"261QR0800X","Amb HC Fac: Clinic/Ctr: Recovery Care","2"
"261QR1100X","Amb HC Fac: Clinic/Ctr: Research","2"
"261QR1300X","Amb HC Fac: Clinic/Ctr: Rural Health","2"
"261QS0112X","Amb HC Fac: Clinic/Ctr: Oral and Maxillofacial Surgery","2"
"261QS0132X","Amb HC Fac: Clinic/Ctr: Ophthalmologic Surgery","2"
"261QS1000X","Amb HC Fac: Clinic/Ctr: Student Health","2"
"261QS1200X","Amb HC Fac: Clinic/Ctr: Sleep Disorder Diagnostic","2"
"261QU0200X","Amb HC Fac: Clinic/Ctr: Urgent Care","2"
"261QV0200X","Amb HC Fac: Clinic/Ctr: VA","2"
"261QX0100X","Amb HC Fac: Clinic/Ctr: Occupational Medicine","2"
"261QX0200X","Amb HC Fac: Clinic/Ctr: Oncology","2"
"261QX0203X","Amb HC Fac: Clinic/Ctr: Oncology, Radiation","2"
"273100000X","Hospital Unit: Epilepsy Unit","2"
"273R00000X","Hospital Unit: Psychiatric Unit","2"
"273Y00000X","Hospital Unit: Rehabilitation Unit","2"
"275N00000X","Hospital Unit: Medicare Defined Swing Bed Unit","2"
"276400000X","Hospital Unit: Rehabilitation, Substance Use Disorder Unit","2"
"281P00000X","Hospital: Chronic Disease Hospital","2"
"281PC2000X","Hospital: Chronic Disease: Children","2"
"282E00000X","Hospital: Long Term Care Hospital","2"
"282J00000X","Hospital: Religious Nonmedical Health Care Institution","2"
"282N00000X","Hospital: General Acute Care Hospital","2"
"282NC0060X","Hospital: Gen Acute Care: Critical Access","2"
"282NC2000X","Hospital: Gen Acute Care: Children","2"
"282NR1301X","Hospital: Gen Acute Care: Rural","2"
"282NW0100X","Hospital: Gen Acute Care: Women","2"
"283Q00000X","Hospital: Psychiatric Hospital","2"
"283X00000X","Hospital: Rehabilitation Hospital","2"
"283XC2000X","Hospital: Rehab: Children","2"
"284300000X","Hospital: Special Hospital","2"
"286500000X","Hospital: Military Hospital","2"
"2865C1500X","Hospital: Mil: Community Health","2"
"2865M2000X","Hospital: Mil: Military General Acute Care Hospital","2"
"2865X1600X","Hospital: Mil: Military General Acute Care Hospital. Operational (Transportable)","2"
"287300000X","Hospital: Christian Science Sanitorium","2"
"291900000X","Lab: Military Clinical Medical Laboratory","2"
"291U00000X","Lab: Clinical Medical Laboratory","2"
"292200000X","Lab: Dental Laboratory","2"
"293D00000X","Lab: Physiological Laboratory","2"
"302F00000X","MCO: Exclusive Provider Organization","2"
"302R00000X","MCO: Health Maintenance Organization","2"
"305R00000X","MCO: Preferred Provider Organization","2"
"305S00000X","MCO: Point of Service","2"
"310400000X","Nursing/CC Fac: Assisted Living Facility","2"
"3104A0625X","Nursing/CC Fac: Asstd Livg: Assisted Living, Mental Illness","2"
"3104A0630X","Nursing/CC Fac: Asstd Livg: Assisted Living, Behavioral Disturbances","2"
"310500000X","Nursing/CC Fac: Intermediate Care Facility, Mental Illness","2"
"311500000X","Nursing/CC Fac: Alzheimer Center (Dementia Center)","2"
"311Z00000X","Nursing/CC Fac: Custodial Care Facility","2"
"311ZA0620X","Nursing/CC Fac: Custod Care: Adult Care Home","2"
"313M00000X","Nursing/CC Fac: Nursing Facility/Intermediate Care Facility","2"
"314000000X","Nursing/CC Fac: Skilled Nursing Facility","2"
"3140N1450X","Nursing/CC Fac: SNF: Nursing Care, Pediatric","2"
"315D00000X","Nursing/CC Fac: Hospice, Inpatient","2"
"315P00000X","Nursing/CC Fac: Intermediate Care Facility, Mentally Retarded","2"
"317400000X","Nursing/CC Fac: Christian Science Facility","2"
"320600000X","Res Trt Fac: Residential Treatment Facility, Mental Retardation and/or Developmental Disabilities","2"
"320700000X","Res Trt Fac: Residential Treatment Facility, Physical Disabilities","2"
"320800000X","Res Trt Fac: Community Based Residential Treatment Facility, Mental Illness","2"
"320900000X","Res Trt Fac: Community Based Residential Treatment Facility, Mental Retardation and/or Developmental Disabilities","2"
"322D00000X","Res Trt Fac: Residential Treatment Facility, Emotionally Disturbed Children","2"
"323P00000X","Res Trt Fac: Psychiatric Residential Treatment Facility","2"
"324500000X","Res Trt Fac: Substance Abuse Rehabilitation Facility","2"
"3245S0500X","Res Trt Fac: Subst Abs Rehab: Substance Abuse Treatment, Children","2"
"331L00000X","Supplier: Blood Bank","2"
"332000000X","Supplier: Military/U.S. Coast Guard Pharmacy","2"
"332100000X","Supplier: Department of Veterans Affairs (VA) Pharmacy","2"
"332800000X","Supplier: Indian Health Service/Tribal/Urban Indian Health (I/T/U) Pharmacy","2"
"332900000X","Supplier: Non-Pharmacy Dispensing Site","2"
"332B00000X","Supplier: Durable Medical Equipment and Medical Supplies","2"
"332BC3200X","Supplier: DME/Med Spls: Customized Equipment","2"
"332BD1200X","Supplier: DME/Med Spls: Dialysis Equipment and Supplies","2"
"332BN1400X","Supplier: DME/Med Spls: Nursing Facility Supplies","2"
"332BP3500X","Supplier: DME/Med Spls: Parenteral and Enteral Nutrition","2"
"332BX2000X","Supplier: DME/Med Spls: Oxygen Equipment and Supplies","2"
"332G00000X","Supplier: Eye Bank","2"
"332H00000X","Supplier: Eyewear Supplier (Equipment, not the service)","2"
"332S00000X","Supplier: Hearing Aid Equipment","2"
"332U00000X","Supplier: Home Delivered Meals","2"
"333300000X","Supplier: Emergency Response System Companies","2"
"333600000X","Supplier: Pharmacy","2"
"3336C0002X","Supplier: Pharmacy: Clinic Pharmacy","2"
"3336C0003X","Supplier: Pharmacy: Community/Retail Pharmacy","2"
"3336C0004X","Supplier: Pharmacy: Compounding Pharmacy","2"
"3336H0001X","Supplier: Pharmacy: Home Infusion Therapy Pharmacy","2"
"3336I0012X","Supplier: Pharmacy: Institutional Pharmacy","2"
"3336L0003X","Supplier: Pharmacy: Long Term Care Pharmacy","2"
"3336M0002X","Supplier: Pharmacy: Mail Order Pharmacy","2"
"3336M0003X","Supplier: Pharmacy: Managed Care Organization Pharmacy","2"
"3336N0007X","Supplier: Pharmacy: Nuclear Pharmacy","2"
"3336S0011X","Supplier: Pharmacy: Specialty Pharmacy","2"
"335E00000X","Supplier: Prosthetic/Orthotic Supplier","2"
"335G00000X","Supplier: Medical Foods Supplier","2"
"335U00000X","Supplier: Organ Procurement Organization","2"
"335V00000X","Supplier: Portable X-Ray Supplier","2"
"341600000X","Transport: Ambulance","2"
"3416A0800X","Transport: Ambulance: Air Transport","2"
"3416L0300X","Transport: Ambulance: Land Transport","2"
"3416S0300X","Transport: Ambulance: Water Transport","2"
"341800000X","Transport: Military/U.S. Coast Guard Transport","2"
"3418M1110X","Transport: Mil/USCG Trans: Military or U.S. Coast Guard Ambulance, Ground Transport","2"
"3418M1120X","Transport: Mil/USCG Trans: Military or U.S. Coast Guard Ambulance, Air Transport","2"
"3418M1130X","Transport: Mil/USCG Trans: Military or U.S. Coast Guard Ambulance, Water Transport","2"
"342000000X","Transport: Transportation Network Company","2"
"343800000X","Transport: Secured Medical Transport (VAN)","2"
"343900000X","Transport: Non-emergency Medical Transport (VAN)","2"
"344600000X","Transport: Taxi","2"
"344800000X","Transport: Air Carrier","2"
"347B00000X","Transport: Bus","2"
"347C00000X","Transport: Private Vehicle","2"
"347D00000X","Transport: Train","2"
"347E00000X","Transport: Transportation Broker","2"
"363A00000X","PA/APN: Physician Assistant","1"
"363AM0700X","PA/APN: PA: Medical","1"
"363AS0400X","PA/APN: PA: Surgical","1"
"363L00000X","PA/APN: Nurse Practitioner","1"
"363LA2100X","PA/APN: Nurse Practitioner: Acute Care","1"
"363LA2200X","PA/APN: Nurse Practitioner: Adult Health","1"
"363LC0200X","PA/APN: Nurse Practitioner: Critical Care Medicine","1"
"363LC1500X","PA/APN: Nurse Practitioner: Community Health","1"
"363LF0000X","PA/APN: Nurse Practitioner: Family","1"
"363LG0600X","PA/APN: Nurse Practitioner: Gerontology","1"
"363LN0000X","PA/APN: Nurse Practitioner: Neonatal","1"
"363LN0005X","PA/APN: Nurse Practitioner: Neonatal, Critical Care","1"
"363LP0200X","PA/APN: Nurse Practitioner: Pediatrics","1"
"363LP0222X","PA/APN: Nurse Practitioner: Pediatrics, Critical Care","1"
"363LP0808X","PA/APN: Nurse Practitioner: Psychiatric/Mental Health","1"
"363LP1700X","PA/APN: Nurse Practitioner: Perinatal","1"
"363LP2300X","PA/APN: Nurse Practitioner: Primary Care","1"
"363LS0200X","PA/APN: Nurse Practitioner: School","1"
"363LW0102X","PA/APN: Nurse Practitioner: Women's Health","1"
"363LX0001X","PA/APN: Nurse Practitioner: Obstetrics and Gynecology","1"
"363LX0106X","PA/APN: Nurse Practitioner: Occupational Health","1"
"364S00000X","PA/APN: Clinical Nurse Specialist","1"
"364SA2100X","PA/APN: Clinical Nurse Specialist: Acute Care","1"
"364SA2200X","PA/APN: Clinical Nurse Specialist: Adult Health","1"
"364SC0200X","PA/APN: Clinical Nurse Specialist: Critical Care Medicine","1"
"364SC1501X","PA/APN: Clinical Nurse Specialist: Community Health/Public Health","1"
"364SC2300X","PA/APN: Clinical Nurse Specialist: Chronic Care","1"
"364SE0003X","PA/APN: Clinical Nurse Specialist: Emergency","1"
"364SE1400X","PA/APN: Clinical Nurse Specialist: Ethics","1"
"364SF0001X","PA/APN: Clinical Nurse Specialist: Family Health","1"
"364SG0600X","PA/APN: Clinical Nurse Specialist: Gerontology","1"
"364SH0200X","PA/APN: Clinical Nurse Specialist: Home Health","1"
"364SH1100X","PA/APN: Clinical Nurse Specialist: Holistic","1"
"364SI0800X","PA/APN: Clinical Nurse Specialist: Informatics","1"
"364SL0600X","PA/APN: Clinical Nurse Specialist: Long-Term Care","1"
"364SM0705X","PA/APN: Clinical Nurse Specialist: Medical-Surgical","1"
"364SN0000X","PA/APN: Clinical Nurse Specialist: Neonatal","1"
"364SN0800X","PA/APN: Clinical Nurse Specialist: Neuroscience","1"
"364SP0200X","PA/APN: Clinical Nurse Specialist: Pediatrics","1"
"364SP0807X","PA/APN: Clinical Nurse Specialist: Psychiatric/Mental Health, Child and Adolescent","1"
"364SP0808X","PA/APN: Clinical Nurse Specialist: Psychiatric/Mental Health","1"
"364SP0809X","PA/APN: Clinical Nurse Specialist: Psychiatric/Mental Health, Adult","1"
"364SP0810X","PA/APN: Clinical Nurse Specialist: Psychiatric/Mental Health, Child and Family","1"
"364SP0811X","PA/APN: Clinical Nurse Specialist: Psychiatric/Mental Health, Chronically Ill","1"
"364SP0812X","PA/APN: Clinical Nurse Specialist: Psychiatric/Mental Health, Community","1"
"364SP0813X","PA/APN: Clinical Nurse Specialist: Psychiatric/Mental Health, Geropsychiatric","1"
"364SP1700X","PA/APN: Clinical Nurse Specialist: Perinatal","1"
"364SP2800X","PA/APN: Clinical Nurse Specialist: Perioperative","1"
"364SR0400X","PA/APN: Clinical Nurse Specialist: Rehabilitation","1"
"364SS0200X","PA/APN: Clinical Nurse Specialist: School","1"
"364ST0500X","PA/APN: Clinical Nurse Specialist: Transplantation","1"
"364SW0102X","PA/APN: Clinical Nurse Specialist: Women's Health","1"
"364SX0106X","PA/APN: Clinical Nurse Specialist: Occupational Health","1"
"364SX0200X","PA/APN: Clinical Nurse Specialist: Oncology","1"
"364SX0204X","PA/APN: Clinical Nurse Specialist: Oncology, Pediatrics","1"
"367500000X","PA/APN: Nurse Anesthetist, Certified Registered","1"
"367A00000X","PA/APN: Advanced Practice Midwife","1"
"367H00000X","PA/APN: Anesthesiologist Assistant","1"
"372500000X","Nursing Svc Related: Chore Provider","1"
"372600000X","Nursing Svc Related: Adult Companion","1"
"373H00000X","Nursing Svc Related: Day Training/Habilitation Specialist","1"
"374700000X","Nursing Svc Related: Technician","1"
"3747A0650X","Nursing Svc Related: Technician: Attendant Care Provider","1"
"3747P1801X","Nursing Svc Related: Technician: Personal Care Attendant","1"
"374J00000X","Nursing Svc Related: Doula","1"
"374K00000X","Nursing Svc Related: Religious Nonmedical Practitioner","1"
"374T00000X","Nursing Svc Related: Christian Science Practitioner/Nurse","1"
"374U00000X","Nursing Svc Related: Home Health Aide","1"
"376G00000X","Nursing Svc Related: Nursing Home Administrator","1"
"376J00000X","Nursing Svc Related: Homemaker","1"
"376K00000X","Nursing Svc Related: Nurse's Aide","1"
"385H00000X","Respite Care Fac: Respite Care","2"
"385HR2050X","Respite Care Fac: Resp Care: Respite Care Camp","2"
"385HR2055X","Respite Care Fac: Resp Care: Respite Care, Mental Illness, Child","2"
"385HR2060X","Respite Care Fac: Resp Care: Respite Care, Mental Retardation and/or Developmental Disabilities","2"
"385HR2065X","Respite Care Fac: Resp Care: Respite Care, Physical Disabilities, Child","2"
"390200000X","Student: Student in an Organized Health Care Education/Training Program","1"
"405300000X","Other Prov: Prevention Professional","1"
